experiment,num_samples,mode,metric,mean,paired_diff_vs_disabled,diff_se,win_rate,source
e3_planner_smoke,4,teacher,action_0_1,0.2515615951269865,-0.045231785625219345,0.027995873289020076,0.75,/data/users/junjie/workspace/hpc3_jhe724/outputs/research_q35/e3_planner_smoke/summary.json
e3_planner_smoke,4,teacher,action_1_9,0.08515972830355167,-0.03171852231025696,0.011495323984104107,1.0,/data/users/junjie/workspace/hpc3_jhe724/outputs/research_q35/e3_planner_smoke/summary.json
e3_planner_smoke,4,teacher,action_25_36,0.131538650020957,-0.24883637391030788,0.2142163011771178,1.0,/data/users/junjie/workspace/hpc3_jhe724/outputs/research_q35/e3_planner_smoke/summary.json
e3_planner_smoke,4,teacher,action_9_25,0.08452966064214706,-0.06121602654457092,0.027156482733594937,0.75,/data/users/junjie/workspace/hpc3_jhe724/outputs/research_q35/e3_planner_smoke/summary.json
e3_planner_smoke,4,teacher,action_all,0.10367331095039845,-0.11154546216130257,0.07454105422281969,1.0,/data/users/junjie/workspace/hpc3_jhe724/outputs/research_q35/e3_planner_smoke/summary.json
e3_planner_smoke,4,teacher,motion_fraction,0.26225026324391365,0.0,0.0,0.0,/data/users/junjie/workspace/hpc3_jhe724/outputs/research_q35/e3_planner_smoke/summary.json
e3_planner_smoke,4,teacher,semantic_ratio,0.008868639441074525,0.008868639441074525,0.0005705701712127568,0.0,/data/users/junjie/workspace/hpc3_jhe724/outputs/research_q35/e3_planner_smoke/summary.json
e3_planner_smoke,4,teacher,video,0.11565002053976059,0.000869150273501873,0.0007928234674586264,0.25,/data/users/junjie/workspace/hpc3_jhe724/outputs/research_q35/e3_planner_smoke/summary.json
e3_planner_smoke,4,teacher,video_main,0.02788854530081153,0.0003660060465335846,0.0001575434654467267,0.25,/data/users/junjie/workspace/hpc3_jhe724/outputs/research_q35/e3_planner_smoke/summary.json
e3_planner_smoke,4,teacher,video_motion,0.2956795170903206,-0.0002567395567893982,0.0028442238513431183,0.5,/data/users/junjie/workspace/hpc3_jhe724/outputs/research_q35/e3_planner_smoke/summary.json
e3_planner_smoke,4,teacher,video_motion_main,0.19497300311923027,0.0013583265244960785,0.0015337690294067129,0.25,/data/users/junjie/workspace/hpc3_jhe724/outputs/research_q35/e3_planner_smoke/summary.json
e3_planner_smoke,4,teacher,video_motion_wrist,0.3963860347867012,-0.0018718019127845764,0.004267650770165229,0.5,/data/users/junjie/workspace/hpc3_jhe724/outputs/research_q35/e3_planner_smoke/summary.json
e3_planner_smoke,4,teacher,video_wrist,0.20341149531304836,0.0013722963631153107,0.001689778682705283,0.25,/data/users/junjie/workspace/hpc3_jhe724/outputs/research_q35/e3_planner_smoke/summary.json
e3_planner_smoke,4,semantic_disabled,action_0_1,0.29679338075220585,0.0,0.0,0.0,/data/users/junjie/workspace/hpc3_jhe724/outputs/research_q35/e3_planner_smoke/summary.json
e3_planner_smoke,4,semantic_disabled,action_1_9,0.11687825061380863,0.0,0.0,0.0,/data/users/junjie/workspace/hpc3_jhe724/outputs/research_q35/e3_planner_smoke/summary.json
e3_planner_smoke,4,semantic_disabled,action_25_36,0.3803750239312649,0.0,0.0,0.0,/data/users/junjie/workspace/hpc3_jhe724/outputs/research_q35/e3_planner_smoke/summary.json
e3_planner_smoke,4,semantic_disabled,action_9_25,0.145745687186718,0.0,0.0,0.0,/data/users/junjie/workspace/hpc3_jhe724/outputs/research_q35/e3_planner_smoke/summary.json
e3_planner_smoke,4,semantic_disabled,action_all,0.215218773111701,0.0,0.0,0.0,/data/users/junjie/workspace/hpc3_jhe724/outputs/research_q35/e3_planner_smoke/summary.json
e3_planner_smoke,4,semantic_disabled,motion_fraction,0.26225026324391365,0.0,0.0,0.0,/data/users/junjie/workspace/hpc3_jhe724/outputs/research_q35/e3_planner_smoke/summary.json
e3_planner_smoke,4,semantic_disabled,semantic_ratio,0.0,0.0,0.0,0.0,/data/users/junjie/workspace/hpc3_jhe724/outputs/research_q35/e3_planner_smoke/summary.json
e3_planner_smoke,4,semantic_disabled,video,0.11478087026625872,0.0,0.0,0.0,/data/users/junjie/workspace/hpc3_jhe724/outputs/research_q35/e3_planner_smoke/summary.json
e3_planner_smoke,4,semantic_disabled,video_main,0.027522539254277945,0.0,0.0,0.0,/data/users/junjie/workspace/hpc3_jhe724/outputs/research_q35/e3_planner_smoke/summary.json
e3_planner_smoke,4,semantic_disabled,video_motion,0.29593625664711,0.0,0.0,0.0,/data/users/junjie/workspace/hpc3_jhe724/outputs/research_q35/e3_planner_smoke/summary.json
e3_planner_smoke,4,semantic_disabled,video_motion_main,0.1936146765947342,0.0,0.0,0.0,/data/users/junjie/workspace/hpc3_jhe724/outputs/research_q35/e3_planner_smoke/summary.json
e3_planner_smoke,4,semantic_disabled,video_motion_wrist,0.3982578366994858,0.0,0.0,0.0,/data/users/junjie/workspace/hpc3_jhe724/outputs/research_q35/e3_planner_smoke/summary.json
e3_planner_smoke,4,semantic_disabled,video_wrist,0.20203919894993305,0.0,0.0,0.0,/data/users/junjie/workspace/hpc3_jhe724/outputs/research_q35/e3_planner_smoke/summary.json
e3_planner_smoke,4,planner,action_0_1,0.29801011830568314,0.0012167375534772873,0.011597979000219083,0.5,/data/users/junjie/workspace/hpc3_jhe724/outputs/research_q35/e3_planner_smoke/summary.json
e3_planner_smoke,4,planner,action_1_9,0.10387139767408371,-0.013006852939724922,0.007858963282802335,0.75,/data/users/junjie/workspace/hpc3_jhe724/outputs/research_q35/e3_planner_smoke/summary.json
e3_planner_smoke,4,planner,action_25_36,0.36691918317228556,-0.01345584075897932,0.007542183462637409,0.75,/data/users/junjie/workspace/hpc3_jhe724/outputs/research_q35/e3_planner_smoke/summary.json
e3_planner_smoke,4,planner,action_9_25,0.13829242251813412,-0.00745326466858387,0.018319863120209046,0.5,/data/users/junjie/workspace/hpc3_jhe724/outputs/research_q35/e3_planner_smoke/summary.json
e3_planner_smoke,4,planner,action_all,0.20493808761239052,-0.010280685499310493,0.006317222672881593,0.75,/data/users/junjie/workspace/hpc3_jhe724/outputs/research_q35/e3_planner_smoke/summary.json
e3_planner_smoke,4,planner,motion_fraction,0.26225026324391365,0.0,0.0,0.0,/data/users/junjie/workspace/hpc3_jhe724/outputs/research_q35/e3_planner_smoke/summary.json
e3_planner_smoke,4,planner,semantic_ratio,0.005707653387552065,0.005707653387552065,0.00021531327433598236,0.0,/data/users/junjie/workspace/hpc3_jhe724/outputs/research_q35/e3_planner_smoke/summary.json
e3_planner_smoke,4,planner,video,0.11638309620320797,0.001602225936949253,0.000661966426867105,0.25,/data/users/junjie/workspace/hpc3_jhe724/outputs/research_q35/e3_planner_smoke/summary.json
e3_planner_smoke,4,planner,video_main,0.02803070191293955,0.0005081626586616039,0.00020374538754526638,0.25,/data/users/junjie/workspace/hpc3_jhe724/outputs/research_q35/e3_planner_smoke/summary.json
e3_planner_smoke,4,planner,video_motion,0.2988465130329132,0.0029102563858032227,0.003447040094474907,0.25,/data/users/junjie/workspace/hpc3_jhe724/outputs/research_q35/e3_planner_smoke/summary.json
e3_planner_smoke,4,planner,video_motion_main,0.1964443176984787,0.002829641103744507,0.0017345724058103536,0.25,/data/users/junjie/workspace/hpc3_jhe724/outputs/research_q35/e3_planner_smoke/summary.json
e3_planner_smoke,4,planner,video_motion_wrist,0.4012487009167671,0.0029908642172813416,0.005415158652063856,0.25,/data/users/junjie/workspace/hpc3_jhe724/outputs/research_q35/e3_planner_smoke/summary.json
e3_planner_smoke,4,planner,video_wrist,0.20473549142479897,0.0026962924748659134,0.0011530961954554708,0.25,/data/users/junjie/workspace/hpc3_jhe724/outputs/research_q35/e3_planner_smoke/summary.json
e3_planner_smoke,4,planner_wrist_masked,action_0_1,0.41404925659298897,0.11725587584078312,0.04253371616101815,0.0,/data/users/junjie/workspace/hpc3_jhe724/outputs/research_q35/e3_planner_smoke/summary.json
e3_planner_smoke,4,planner_wrist_masked,action_1_9,0.13671929202973843,0.019841041415929794,0.023165480422408253,0.5,/data/users/junjie/workspace/hpc3_jhe724/outputs/research_q35/e3_planner_smoke/summary.json
e3_planner_smoke,4,planner_wrist_masked,action_25_36,0.37876677326858044,-0.0016082506626844406,0.049964640923836866,0.5,/data/users/junjie/workspace/hpc3_jhe724/outputs/research_q35/e3_planner_smoke/summary.json
e3_planner_smoke,4,planner_wrist_masked,action_9_25,0.1332149114459753,-0.012530775740742683,0.019436690150517827,0.75,/data/users/junjie/workspace/hpc3_jhe724/outputs/research_q35/e3_planner_smoke/summary.json
e3_planner_smoke,4,planner_wrist_masked,action_all,0.2168243695050478,0.0016055963933467865,0.022615343219588135,0.5,/data/users/junjie/workspace/hpc3_jhe724/outputs/research_q35/e3_planner_smoke/summary.json
e3_planner_smoke,4,planner_wrist_masked,motion_fraction,0.26225026324391365,0.0,0.0,0.0,/data/users/junjie/workspace/hpc3_jhe724/outputs/research_q35/e3_planner_smoke/summary.json
e3_planner_smoke,4,planner_wrist_masked,semantic_ratio,0.0032734776904557554,0.0032734776904557554,0.00017624339859277784,0.0,/data/users/junjie/workspace/hpc3_jhe724/outputs/research_q35/e3_planner_smoke/summary.json
e3_planner_smoke,4,planner_wrist_masked,video,0.11318539176136255,-0.001595478504896164,0.0025068965813390335,0.5,/data/users/junjie/workspace/hpc3_jhe724/outputs/research_q35/e3_planner_smoke/summary.json
e3_planner_smoke,4,planner_wrist_masked,video_main,0.027633031830191612,0.00011049257591366768,0.00033865768485325415,0.25,/data/users/junjie/workspace/hpc3_jhe724/outputs/research_q35/e3_planner_smoke/summary.json
e3_planner_smoke,4,planner_wrist_masked,video_motion,0.2896766737103462,-0.006259582936763763,0.005923243008815766,0.75,/data/users/junjie/workspace/hpc3_jhe724/outputs/research_q35/e3_planner_smoke/summary.json
e3_planner_smoke,4,planner_wrist_masked,video_motion_main,0.1933245100080967,-0.00029016658663749695,0.002577852246205795,0.5,/data/users/junjie/workspace/hpc3_jhe724/outputs/research_q35/e3_planner_smoke/summary.json
e3_planner_smoke,4,planner_wrist_masked,video_motion_wrist,0.38602881878614426,-0.012229017913341522,0.011461920470944678,0.75,/data/users/junjie/workspace/hpc3_jhe724/outputs/research_q35/e3_planner_smoke/summary.json
e3_planner_smoke,4,planner_wrist_masked,video_wrist,0.1987377516925335,-0.003301447257399559,0.004973044639212803,0.25,/data/users/junjie/workspace/hpc3_jhe724/outputs/research_q35/e3_planner_smoke/summary.json
e3_planner_smoke,4,planner_main_masked,action_0_1,0.35887499153614044,0.06208161078393459,0.02320278572398458,0.0,/data/users/junjie/workspace/hpc3_jhe724/outputs/research_q35/e3_planner_smoke/summary.json
e3_planner_smoke,4,planner_main_masked,action_1_9,0.16856052726507187,0.05168227665126324,0.017990507161679697,0.0,/data/users/junjie/workspace/hpc3_jhe724/outputs/research_q35/e3_planner_smoke/summary.json
e3_planner_smoke,4,planner_main_masked,action_25_36,0.4239745382219553,0.04359951429069042,0.04196787878882086,0.25,/data/users/junjie/workspace/hpc3_jhe724/outputs/research_q35/e3_planner_smoke/summary.json
e3_planner_smoke,4,planner_main_masked,action_9_25,0.18297571502625942,0.037230027839541435,0.020161078250267552,0.25,/data/users/junjie/workspace/hpc3_jhe724/outputs/research_q35/e3_planner_smoke/summary.json
e3_planner_smoke,4,planner_main_masked,action_all,0.2582969516515732,0.04307817853987217,0.01418004775604084,0.0,/data/users/junjie/workspace/hpc3_jhe724/outputs/research_q35/e3_planner_smoke/summary.json
e3_planner_smoke,4,planner_main_masked,motion_fraction,0.26225026324391365,0.0,0.0,0.0,/data/users/junjie/workspace/hpc3_jhe724/outputs/research_q35/e3_planner_smoke/summary.json
e3_planner_smoke,4,planner_main_masked,semantic_ratio,0.0034786831333154366,0.0034786831333154366,8.491129082059363e-05,0.0,/data/users/junjie/workspace/hpc3_jhe724/outputs/research_q35/e3_planner_smoke/summary.json
e3_planner_smoke,4,planner_main_masked,video,0.11697686277329922,0.0021959925070405006,0.0007010824951091102,0.0,/data/users/junjie/workspace/hpc3_jhe724/outputs/research_q35/e3_planner_smoke/summary.json
e3_planner_smoke,4,planner_main_masked,video_main,0.02776784123852849,0.0002453019842505455,8.541197647006431e-05,0.0,/data/users/junjie/workspace/hpc3_jhe724/outputs/research_q35/e3_planner_smoke/summary.json
e3_planner_smoke,4,planner_main_masked,video_motion,0.3015591502189636,0.005622893571853638,0.0025925104714752544,0.0,/data/users/junjie/workspace/hpc3_jhe724/outputs/research_q35/e3_planner_smoke/summary.json
e3_planner_smoke,4,planner_main_masked,video_motion_main,0.1947426199913025,0.0011279433965682983,0.0009928716731666747,0.25,/data/users/junjie/workspace/hpc3_jhe724/outputs/research_q35/e3_planner_smoke/summary.json
e3_planner_smoke,4,planner_main_masked,video_motion_wrist,0.40837569907307625,0.01011786237359047,0.00471654165817984,0.0,/data/users/junjie/workspace/hpc3_jhe724/outputs/research_q35/e3_planner_smoke/summary.json
e3_planner_smoke,4,planner_main_masked,video_wrist,0.20618588477373123,0.00414668582379818,0.0013815933932845273,0.0,/data/users/junjie/workspace/hpc3_jhe724/outputs/research_q35/e3_planner_smoke/summary.json
e3_s2_additive_text,210,teacher,action_0_1,0.1399546421354725,-0.003375979597192435,0.002066813806802916,0.5190476190476191,/data/users/junjie/workspace/hpc3_jhe724/outputs/research_q35/e3_s2_additive_text/summary.json
e3_s2_additive_text,210,teacher,action_1_9,0.08489570847402016,-0.0031299963416088197,0.0008135988880558722,0.6,/data/users/junjie/workspace/hpc3_jhe724/outputs/research_q35/e3_s2_additive_text/summary.json
e3_s2_additive_text,210,teacher,action_25_36,0.08410090662184216,-0.002470932016149163,0.0006999504642386334,0.6142857142857143,/data/users/junjie/workspace/hpc3_jhe724/outputs/research_q35/e3_s2_additive_text/summary.json
e3_s2_additive_text,210,teacher,action_9_25,0.07984729394582765,-0.0008184343798174745,0.0009230892985052777,0.5571428571428572,/data/users/junjie/workspace/hpc3_jhe724/outputs/research_q35/e3_s2_additive_text/summary.json
e3_s2_additive_text,210,teacher,action_all,0.08393852777246918,-0.0019080876417103267,0.0005806926806293268,0.6238095238095238,/data/users/junjie/workspace/hpc3_jhe724/outputs/research_q35/e3_s2_additive_text/summary.json
e3_s2_additive_text,210,teacher,motion_fraction,0.2308943937222163,0.0,0.0,0.0,/data/users/junjie/workspace/hpc3_jhe724/outputs/research_q35/e3_s2_additive_text/summary.json
e3_s2_additive_text,210,teacher,semantic_ratio,0.0006482584808187393,0.0006482584808187393,8.494461810499791e-07,0.0,/data/users/junjie/workspace/hpc3_jhe724/outputs/research_q35/e3_s2_additive_text/summary.json
e3_s2_additive_text,210,teacher,video,0.10187922256688277,-0.000349911018496468,0.0001346828134319179,0.47619047619047616,/data/users/junjie/workspace/hpc3_jhe724/outputs/research_q35/e3_s2_additive_text/summary.json
e3_s2_additive_text,210,teacher,video_main,0.0419852434524468,0.00013534889246026675,2.9859478113808462e-05,0.32857142857142857,/data/users/junjie/workspace/hpc3_jhe724/outputs/research_q35/e3_s2_additive_text/summary.json
e3_s2_additive_text,210,teacher,video_motion,0.2821454185105505,-0.0003524082402388255,0.0003128380484863766,0.4095238095238095,/data/users/junjie/workspace/hpc3_jhe724/outputs/research_q35/e3_s2_additive_text/summary.json
e3_s2_additive_text,210,teacher,video_motion_main,0.25581652745604516,0.00035835437121845427,0.00020912525551248864,0.37142857142857144,/data/users/junjie/workspace/hpc3_jhe724/outputs/research_q35/e3_s2_additive_text/summary.json
e3_s2_additive_text,210,teacher,video_motion_wrist,0.30847430839425044,-0.0010631726611228217,0.0005697955310228896,0.4,/data/users/junjie/workspace/hpc3_jhe724/outputs/research_q35/e3_s2_additive_text/summary.json
e3_s2_additive_text,210,teacher,video_wrist,0.16177320224898203,-0.0008351700646536691,0.00026531338526376716,0.5142857142857142,/data/users/junjie/workspace/hpc3_jhe724/outputs/research_q35/e3_s2_additive_text/summary.json
e3_s2_additive_text,210,semantic_disabled,action_0_1,0.14333062173266495,0.0,0.0,0.0,/data/users/junjie/workspace/hpc3_jhe724/outputs/research_q35/e3_s2_additive_text/summary.json
e3_s2_additive_text,210,semantic_disabled,action_1_9,0.08802570481562898,0.0,0.0,0.0,/data/users/junjie/workspace/hpc3_jhe724/outputs/research_q35/e3_s2_additive_text/summary.json
e3_s2_additive_text,210,semantic_disabled,action_25_36,0.08657183863799132,0.0,0.0,0.0,/data/users/junjie/workspace/hpc3_jhe724/outputs/research_q35/e3_s2_additive_text/summary.json
e3_s2_additive_text,210,semantic_disabled,action_9_25,0.08066572832564513,0.0,0.0,0.0,/data/users/junjie/workspace/hpc3_jhe724/outputs/research_q35/e3_s2_additive_text/summary.json
e3_s2_additive_text,210,semantic_disabled,action_all,0.08584661541417951,0.0,0.0,0.0,/data/users/junjie/workspace/hpc3_jhe724/outputs/research_q35/e3_s2_additive_text/summary.json
e3_s2_additive_text,210,semantic_disabled,motion_fraction,0.2308943937222163,0.0,0.0,0.0,/data/users/junjie/workspace/hpc3_jhe724/outputs/research_q35/e3_s2_additive_text/summary.json
e3_s2_additive_text,210,semantic_disabled,semantic_ratio,0.0,0.0,0.0,0.0,/data/users/junjie/workspace/hpc3_jhe724/outputs/research_q35/e3_s2_additive_text/summary.json
e3_s2_additive_text,210,semantic_disabled,video,0.10222913358537923,0.0,0.0,0.0,/data/users/junjie/workspace/hpc3_jhe724/outputs/research_q35/e3_s2_additive_text/summary.json
e3_s2_additive_text,210,semantic_disabled,video_main,0.041849894559986535,0.0,0.0,0.0,/data/users/junjie/workspace/hpc3_jhe724/outputs/research_q35/e3_s2_additive_text/summary.json
e3_s2_additive_text,210,semantic_disabled,video_motion,0.2824978267507894,0.0,0.0,0.0,/data/users/junjie/workspace/hpc3_jhe724/outputs/research_q35/e3_s2_additive_text/summary.json
e3_s2_additive_text,210,semantic_disabled,video_motion_main,0.2554581730848267,0.0,0.0,0.0,/data/users/junjie/workspace/hpc3_jhe724/outputs/research_q35/e3_s2_additive_text/summary.json
e3_s2_additive_text,210,semantic_disabled,video_motion_wrist,0.30953748105537326,0.0,0.0,0.0,/data/users/junjie/workspace/hpc3_jhe724/outputs/research_q35/e3_s2_additive_text/summary.json
e3_s2_additive_text,210,semantic_disabled,video_wrist,0.1626083723136357,0.0,0.0,0.0,/data/users/junjie/workspace/hpc3_jhe724/outputs/research_q35/e3_s2_additive_text/summary.json
e3_s2_additive_text,210,teacher_wrist_masked,action_0_1,0.14256598044275529,-0.0007646412899096807,0.0024510119049046546,0.5904761904761905,/data/users/junjie/workspace/hpc3_jhe724/outputs/research_q35/e3_s2_additive_text/summary.json
e3_s2_additive_text,210,teacher_wrist_masked,action_1_9,0.08462523021956994,-0.0034004745960590386,0.0008562196491511046,0.6952380952380952,/data/users/junjie/workspace/hpc3_jhe724/outputs/research_q35/e3_s2_additive_text/summary.json
e3_s2_additive_text,210,teacher_wrist_masked,action_25_36,0.08579986806116288,-0.0007719705768284344,0.0008133645337467646,0.6285714285714286,/data/users/junjie/workspace/hpc3_jhe724/outputs/research_q35/e3_s2_additive_text/summary.json
e3_s2_additive_text,210,teacher_wrist_masked,action_9_25,0.07862161869804064,-0.0020441096276044846,0.0008763039750747125,0.6857142857142857,/data/users/junjie/workspace/hpc3_jhe724/outputs/research_q35/e3_s2_additive_text/summary.json
e3_s2_additive_text,210,teacher_wrist_masked,action_all,0.0839253412204839,-0.0019212741936956133,0.0005376982891203131,0.7,/data/users/junjie/workspace/hpc3_jhe724/outputs/research_q35/e3_s2_additive_text/summary.json
e3_s2_additive_text,210,teacher_wrist_masked,motion_fraction,0.2308943937222163,0.0,0.0,0.0,/data/users/junjie/workspace/hpc3_jhe724/outputs/research_q35/e3_s2_additive_text/summary.json
e3_s2_additive_text,210,teacher_wrist_masked,semantic_ratio,0.00042765733573653863,0.00042765733573653863,8.051063881107647e-07,0.0,/data/users/junjie/workspace/hpc3_jhe724/outputs/research_q35/e3_s2_additive_text/summary.json
e3_s2_additive_text,210,teacher_wrist_masked,video,0.1022382453793571,9.111793977873666e-06,0.00010335128746041277,0.3238095238095238,/data/users/junjie/workspace/hpc3_jhe724/outputs/research_q35/e3_s2_additive_text/summary.json
e3_s2_additive_text,210,teacher_wrist_masked,video_main,0.04201650229238328,0.00016660773239675022,2.9084217236789255e-05,0.28095238095238095,/data/users/junjie/workspace/hpc3_jhe724/outputs/research_q35/e3_s2_additive_text/summary.json
e3_s2_additive_text,210,teacher_wrist_masked,video_motion,0.2827609379376684,0.00026311118687902176,0.0002454852304291532,0.319047619047619,/data/users/junjie/workspace/hpc3_jhe724/outputs/research_q35/e3_s2_additive_text/summary.json
e3_s2_additive_text,210,teacher_wrist_masked,video_motion_main,0.2560842932512363,0.0006261201664095834,0.00018755595871172457,0.36666666666666664,/data/users/junjie/workspace/hpc3_jhe724/outputs/research_q35/e3_s2_additive_text/summary.json
e3_s2_additive_text,210,teacher_wrist_masked,video_motion_wrist,0.3094375833514191,-9.98977039541517e-05,0.00044175490414217355,0.34285714285714286,/data/users/junjie/workspace/hpc3_jhe724/outputs/research_q35/e3_s2_additive_text/summary.json
e3_s2_additive_text,210,teacher_wrist_masked,video_wrist,0.162459989211389,-0.00014838310224669321,0.00020266632721920814,0.4095238095238095,/data/users/junjie/workspace/hpc3_jhe724/outputs/research_q35/e3_s2_additive_text/summary.json
e3_s2_additive_text,210,teacher_main_masked,action_0_1,0.14439054457027287,0.0010599228376079173,0.0014026606964858794,0.37142857142857144,/data/users/junjie/workspace/hpc3_jhe724/outputs/research_q35/e3_s2_additive_text/summary.json
e3_s2_additive_text,210,teacher_main_masked,action_1_9,0.08956605108188731,0.0015403462662583307,0.0009928932828775648,0.3047619047619048,/data/users/junjie/workspace/hpc3_jhe724/outputs/research_q35/e3_s2_additive_text/summary.json
e3_s2_additive_text,210,teacher_main_masked,action_25_36,0.08766980451043872,0.0010979658724474056,0.0008392469312782963,0.32857142857142857,/data/users/junjie/workspace/hpc3_jhe724/outputs/research_q35/e3_s2_additive_text/summary.json
e3_s2_additive_text,210,teacher_main_masked,action_9_25,0.08252711715620188,0.001861388830556756,0.0007395324377515217,0.2857142857142857,/data/users/junjie/workspace/hpc3_jhe724/outputs/research_q35/e3_s2_additive_text/summary.json
e3_s2_additive_text,210,teacher_main_masked,action_all,0.08738113056779617,0.0015345151536166669,0.0005356791191024252,0.29523809523809524,/data/users/junjie/workspace/hpc3_jhe724/outputs/research_q35/e3_s2_additive_text/summary.json
e3_s2_additive_text,210,teacher_main_masked,motion_fraction,0.2308943937222163,0.0,0.0,0.0,/data/users/junjie/workspace/hpc3_jhe724/outputs/research_q35/e3_s2_additive_text/summary.json
e3_s2_additive_text,210,teacher_main_masked,semantic_ratio,0.00047615688661248524,0.00047615688661248524,5.013367016193503e-07,0.0,/data/users/junjie/workspace/hpc3_jhe724/outputs/research_q35/e3_s2_additive_text/summary.json
e3_s2_additive_text,210,teacher_main_masked,video,0.101695397851013,-0.0005337357343662353,0.00011100271669951307,0.6333333333333333,/data/users/junjie/workspace/hpc3_jhe724/outputs/research_q35/e3_s2_additive_text/summary.json
e3_s2_additive_text,210,teacher_main_masked,video_main,0.04174015904288916,-0.00010973551709737096,2.4735356644728723e-05,0.6714285714285714,/data/users/junjie/workspace/hpc3_jhe724/outputs/research_q35/e3_s2_additive_text/summary.json
e3_s2_additive_text,210,teacher_main_masked,video_motion,0.2814141424284095,-0.0010836843223798842,0.0002501819103177145,0.6142857142857143,/data/users/junjie/workspace/hpc3_jhe724/outputs/research_q35/e3_s2_additive_text/summary.json
e3_s2_additive_text,210,teacher_main_masked,video_motion_main,0.25483270422333765,-0.0006254688614890689,0.00016482012699662248,0.6333333333333333,/data/users/junjie/workspace/hpc3_jhe724/outputs/research_q35/e3_s2_additive_text/summary.json
e3_s2_additive_text,210,teacher_main_masked,video_motion_wrist,0.30799558350727674,-0.0015418975480965206,0.00046395295490516244,0.5476190476190477,/data/users/junjie/workspace/hpc3_jhe724/outputs/research_q35/e3_s2_additive_text/summary.json
e3_s2_additive_text,210,teacher_main_masked,video_wrist,0.1616506367389645,-0.0009577355746712003,0.00022060560257831577,0.5952380952380952,/data/users/junjie/workspace/hpc3_jhe724/outputs/research_q35/e3_s2_additive_text/summary.json
e3_s2add_main20k_cci_r2_005000,210,teacher,action_0_1,0.16230584157054267,-0.1063052899802902,0.012904064807414144,0.8333333333333334,/data/users/junjie/workspace/hpc3_jhe724/outputs/research_q35/e3_s2add_main20k_cci_r2_005000/summary.json
e3_s2add_main20k_cci_r2_005000,210,teacher,action_1_9,0.10666129690195833,-0.09237024178284975,0.009898995950041407,0.9142857142857143,/data/users/junjie/workspace/hpc3_jhe724/outputs/research_q35/e3_s2add_main20k_cci_r2_005000/summary.json
e3_s2add_main20k_cci_r2_005000,210,teacher,action_25_36,0.1008308806811415,-0.09705785487201951,0.012007056566084862,0.9333333333333333,/data/users/junjie/workspace/hpc3_jhe724/outputs/research_q35/e3_s2add_main20k_cci_r2_005000/summary.json
e3_s2add_main20k_cci_r2_005000,210,teacher,action_9_25,0.10685041458789436,-0.07926805666204365,0.011690564517572947,0.8809523809523809,/data/users/junjie/workspace/hpc3_jhe724/outputs/research_q35/e3_s2add_main20k_cci_r2_005000/summary.json
e3_s2add_main20k_cci_r2_005000,210,teacher,action_all,0.10650951466744854,-0.08836645966484433,0.00982019951054572,0.9476190476190476,/data/users/junjie/workspace/hpc3_jhe724/outputs/research_q35/e3_s2add_main20k_cci_r2_005000/summary.json
e3_s2add_main20k_cci_r2_005000,210,teacher,motion_fraction,0.2308943937222163,0.0,0.0,0.0,/data/users/junjie/workspace/hpc3_jhe724/outputs/research_q35/e3_s2add_main20k_cci_r2_005000/summary.json
e3_s2add_main20k_cci_r2_005000,210,teacher,semantic_ratio,0.009523571965271134,0.009523571965271134,0.00013597339334925107,0.0,/data/users/junjie/workspace/hpc3_jhe724/outputs/research_q35/e3_s2add_main20k_cci_r2_005000/summary.json
e3_s2add_main20k_cci_r2_005000,210,teacher,video,0.10092391203201953,-0.0019933661712067466,0.000404044845431066,0.5714285714285714,/data/users/junjie/workspace/hpc3_jhe724/outputs/research_q35/e3_s2add_main20k_cci_r2_005000/summary.json
e3_s2add_main20k_cci_r2_005000,210,teacher,video_main,0.04199228414467403,-4.605384809630258e-05,0.00019088855953333647,0.4238095238095238,/data/users/junjie/workspace/hpc3_jhe724/outputs/research_q35/e3_s2add_main20k_cci_r2_005000/summary.json
e3_s2add_main20k_cci_r2_005000,210,teacher,video_motion,0.27988700394829114,-0.0044099709462551845,0.0011905219366511296,0.5571428571428572,/data/users/junjie/workspace/hpc3_jhe724/outputs/research_q35/e3_s2add_main20k_cci_r2_005000/summary.json
e3_s2add_main20k_cci_r2_005000,210,teacher,video_motion_main,0.25553561012659753,-0.0014357129377978188,0.0012636919714537087,0.4714285714285714,/data/users/junjie/workspace/hpc3_jhe724/outputs/research_q35/e3_s2add_main20k_cci_r2_005000/summary.json
e3_s2add_main20k_cci_r2_005000,210,teacher,video_motion_wrist,0.3042383987633955,-0.0073842287063598635,0.0015121602126924873,0.5904761904761905,/data/users/junjie/workspace/hpc3_jhe724/outputs/research_q35/e3_s2add_main20k_cci_r2_005000/summary.json
e3_s2add_main20k_cci_r2_005000,210,teacher,video_wrist,0.15985554039833091,-0.003940678334661892,0.0007047631188451471,0.5952380952380952,/data/users/junjie/workspace/hpc3_jhe724/outputs/research_q35/e3_s2add_main20k_cci_r2_005000/summary.json
e3_s2add_main20k_cci_r2_005000,210,semantic_disabled,action_0_1,0.2686111315508329,0.0,0.0,0.0,/data/users/junjie/workspace/hpc3_jhe724/outputs/research_q35/e3_s2add_main20k_cci_r2_005000/summary.json
e3_s2add_main20k_cci_r2_005000,210,semantic_disabled,action_1_9,0.19903153868480808,0.0,0.0,0.0,/data/users/junjie/workspace/hpc3_jhe724/outputs/research_q35/e3_s2add_main20k_cci_r2_005000/summary.json
e3_s2add_main20k_cci_r2_005000,210,semantic_disabled,action_25_36,0.19788873555316103,0.0,0.0,0.0,/data/users/junjie/workspace/hpc3_jhe724/outputs/research_q35/e3_s2add_main20k_cci_r2_005000/summary.json
e3_s2add_main20k_cci_r2_005000,210,semantic_disabled,action_9_25,0.18611847124993802,0.0,0.0,0.0,/data/users/junjie/workspace/hpc3_jhe724/outputs/research_q35/e3_s2add_main20k_cci_r2_005000/summary.json
e3_s2add_main20k_cci_r2_005000,210,semantic_disabled,action_all,0.19487597433229287,0.0,0.0,0.0,/data/users/junjie/workspace/hpc3_jhe724/outputs/research_q35/e3_s2add_main20k_cci_r2_005000/summary.json
e3_s2add_main20k_cci_r2_005000,210,semantic_disabled,motion_fraction,0.2308943937222163,0.0,0.0,0.0,/data/users/junjie/workspace/hpc3_jhe724/outputs/research_q35/e3_s2add_main20k_cci_r2_005000/summary.json
e3_s2add_main20k_cci_r2_005000,210,semantic_disabled,semantic_ratio,0.0,0.0,0.0,0.0,/data/users/junjie/workspace/hpc3_jhe724/outputs/research_q35/e3_s2add_main20k_cci_r2_005000/summary.json
e3_s2add_main20k_cci_r2_005000,210,semantic_disabled,video,0.10291727820322627,0.0,0.0,0.0,/data/users/junjie/workspace/hpc3_jhe724/outputs/research_q35/e3_s2add_main20k_cci_r2_005000/summary.json
e3_s2add_main20k_cci_r2_005000,210,semantic_disabled,video_main,0.04203833799277033,0.0,0.0,0.0,/data/users/junjie/workspace/hpc3_jhe724/outputs/research_q35/e3_s2add_main20k_cci_r2_005000/summary.json
e3_s2add_main20k_cci_r2_005000,210,semantic_disabled,video_motion,0.2842969748945463,0.0,0.0,0.0,/data/users/junjie/workspace/hpc3_jhe724/outputs/research_q35/e3_s2add_main20k_cci_r2_005000/summary.json
e3_s2add_main20k_cci_r2_005000,210,semantic_disabled,video_motion_main,0.25697132306439535,0.0,0.0,0.0,/data/users/junjie/workspace/hpc3_jhe724/outputs/research_q35/e3_s2add_main20k_cci_r2_005000/summary.json
e3_s2add_main20k_cci_r2_005000,210,semantic_disabled,video_motion_wrist,0.31162262746975533,0.0,0.0,0.0,/data/users/junjie/workspace/hpc3_jhe724/outputs/research_q35/e3_s2add_main20k_cci_r2_005000/summary.json
e3_s2add_main20k_cci_r2_005000,210,semantic_disabled,video_wrist,0.1637962187329928,0.0,0.0,0.0,/data/users/junjie/workspace/hpc3_jhe724/outputs/research_q35/e3_s2add_main20k_cci_r2_005000/summary.json
e3_s2add_main20k_cci_r2_005000,210,teacher_wrist_masked,action_0_1,0.28555837847913307,0.016947246928300175,0.011182887476202347,0.47619047619047616,/data/users/junjie/workspace/hpc3_jhe724/outputs/research_q35/e3_s2add_main20k_cci_r2_005000/summary.json
e3_s2add_main20k_cci_r2_005000,210,teacher_wrist_masked,action_1_9,0.2006727451369876,0.0016412064521795226,0.009682134817073676,0.5095238095238095,/data/users/junjie/workspace/hpc3_jhe724/outputs/research_q35/e3_s2add_main20k_cci_r2_005000/summary.json
e3_s2add_main20k_cci_r2_005000,210,teacher_wrist_masked,action_25_36,0.184659089813275,-0.013229645739886022,0.010191275290801256,0.49047619047619045,/data/users/junjie/workspace/hpc3_jhe724/outputs/research_q35/e3_s2add_main20k_cci_r2_005000/summary.json
e3_s2add_main20k_cci_r2_005000,210,teacher_wrist_masked,action_9_25,0.1775961031338998,-0.008522368116038187,0.0116165147707888,0.5285714285714286,/data/users/junjie/workspace/hpc3_jhe724/outputs/research_q35/e3_s2add_main20k_cci_r2_005000/summary.json
e3_s2add_main20k_cci_r2_005000,210,teacher_wrist_masked,action_all,0.18788133253831238,-0.006994641793980485,0.009331877674371698,0.45714285714285713,/data/users/junjie/workspace/hpc3_jhe724/outputs/research_q35/e3_s2add_main20k_cci_r2_005000/summary.json
e3_s2add_main20k_cci_r2_005000,210,teacher_wrist_masked,motion_fraction,0.2308943937222163,0.0,0.0,0.0,/data/users/junjie/workspace/hpc3_jhe724/outputs/research_q35/e3_s2add_main20k_cci_r2_005000/summary.json
e3_s2add_main20k_cci_r2_005000,210,teacher_wrist_masked,semantic_ratio,0.006007093262139285,0.006007093262139285,7.616730957454507e-05,0.0,/data/users/junjie/workspace/hpc3_jhe724/outputs/research_q35/e3_s2add_main20k_cci_r2_005000/summary.json
e3_s2add_main20k_cci_r2_005000,210,teacher_wrist_masked,video,0.10312791145628407,0.00021063325305779775,0.0002844579118103787,0.4523809523809524,/data/users/junjie/workspace/hpc3_jhe724/outputs/research_q35/e3_s2add_main20k_cci_r2_005000/summary.json
e3_s2add_main20k_cci_r2_005000,210,teacher_wrist_masked,video_main,0.042067833164972916,2.949517220258713e-05,0.00015346491893177526,0.42857142857142855,/data/users/junjie/workspace/hpc3_jhe724/outputs/research_q35/e3_s2add_main20k_cci_r2_005000/summary.json
e3_s2add_main20k_cci_r2_005000,210,teacher_wrist_masked,video_motion,0.2824445458040351,-0.0018524290905112312,0.0007826749215854283,0.5952380952380952,/data/users/junjie/workspace/hpc3_jhe724/outputs/research_q35/e3_s2add_main20k_cci_r2_005000/summary.json
e3_s2add_main20k_cci_r2_005000,210,teacher_wrist_masked,video_motion_main,0.25411170000831285,-0.0028596230560824984,0.0010842290239733952,0.580952380952381,/data/users/junjie/workspace/hpc3_jhe724/outputs/research_q35/e3_s2add_main20k_cci_r2_005000/summary.json
e3_s2add_main20k_cci_r2_005000,210,teacher_wrist_masked,video_motion_wrist,0.3107773911740099,-0.0008452362957454863,0.0007502398892858953,0.48095238095238096,/data/users/junjie/workspace/hpc3_jhe724/outputs/research_q35/e3_s2add_main20k_cci_r2_005000/summary.json
e3_s2add_main20k_cci_r2_005000,210,teacher_wrist_masked,video_wrist,0.16418798943715437,0.0003917707041615532,0.000505815581652596,0.40476190476190477,/data/users/junjie/workspace/hpc3_jhe724/outputs/research_q35/e3_s2add_main20k_cci_r2_005000/summary.json
e3_s2add_main20k_cci_r2_005000,210,teacher_main_masked,action_0_1,0.2510001512820877,-0.017610980268745195,0.014166609297113034,0.4523809523809524,/data/users/junjie/workspace/hpc3_jhe724/outputs/research_q35/e3_s2add_main20k_cci_r2_005000/summary.json
e3_s2add_main20k_cci_r2_005000,210,teacher_main_masked,action_1_9,0.17477331713196778,-0.0242582215528403,0.00966532489909325,0.44285714285714284,/data/users/junjie/workspace/hpc3_jhe724/outputs/research_q35/e3_s2add_main20k_cci_r2_005000/summary.json
e3_s2add_main20k_cci_r2_005000,210,teacher_main_masked,action_25_36,0.16646792570217733,-0.03142080985098367,0.010499489860789208,0.42857142857142855,/data/users/junjie/workspace/hpc3_jhe724/outputs/research_q35/e3_s2add_main20k_cci_r2_005000/summary.json
e3_s2add_main20k_cci_r2_005000,210,teacher_main_masked,action_9_25,0.16766446325040998,-0.01845400799952802,0.010482050671278555,0.40476190476190477,/data/users/junjie/workspace/hpc3_jhe724/outputs/research_q35/e3_s2add_main20k_cci_r2_005000/summary.json
e3_s2add_main20k_cci_r2_005000,210,teacher_main_masked,action_all,0.17119348115686858,-0.02368249317542428,0.00866046058183947,0.4380952380952381,/data/users/junjie/workspace/hpc3_jhe724/outputs/research_q35/e3_s2add_main20k_cci_r2_005000/summary.json
e3_s2add_main20k_cci_r2_005000,210,teacher_main_masked,motion_fraction,0.2308943937222163,0.0,0.0,0.0,/data/users/junjie/workspace/hpc3_jhe724/outputs/research_q35/e3_s2add_main20k_cci_r2_005000/summary.json
e3_s2add_main20k_cci_r2_005000,210,teacher_main_masked,semantic_ratio,0.005139699966877532,0.005139699966877532,8.56788531880671e-05,0.0,/data/users/junjie/workspace/hpc3_jhe724/outputs/research_q35/e3_s2add_main20k_cci_r2_005000/summary.json
e3_s2add_main20k_cci_r2_005000,210,teacher_main_masked,video,0.10099080776174864,-0.0019264704414776394,0.0003405968291824035,0.6095238095238096,/data/users/junjie/workspace/hpc3_jhe724/outputs/research_q35/e3_s2add_main20k_cci_r2_005000/summary.json
e3_s2add_main20k_cci_r2_005000,210,teacher_main_masked,video_main,0.04195943155015509,-7.890644261524791e-05,0.00011735080177454923,0.4857142857142857,/data/users/junjie/workspace/hpc3_jhe724/outputs/research_q35/e3_s2add_main20k_cci_r2_005000/summary.json
e3_s2add_main20k_cci_r2_005000,210,teacher_main_masked,video_motion,0.28117303408327554,-0.0031239408112707593,0.000919582320478565,0.5476190476190477,/data/users/junjie/workspace/hpc3_jhe724/outputs/research_q35/e3_s2add_main20k_cci_r2_005000/summary.json
e3_s2add_main20k_cci_r2_005000,210,teacher_main_masked,video_motion_main,0.2569225449647222,-4.877809967313494e-05,0.00089895192394475,0.42857142857142855,/data/users/junjie/workspace/hpc3_jhe724/outputs/research_q35/e3_s2add_main20k_cci_r2_005000/summary.json
e3_s2add_main20k_cci_r2_005000,210,teacher_main_masked,video_motion_wrist,0.30542352369853426,-0.00619910377122107,0.0012928557971457358,0.5857142857142857,/data/users/junjie/workspace/hpc3_jhe724/outputs/research_q35/e3_s2add_main20k_cci_r2_005000/summary.json
e3_s2add_main20k_cci_r2_005000,210,teacher_main_masked,video_wrist,0.1600221834899414,-0.0037740352430513926,0.0006293801330294737,0.6047619047619047,/data/users/junjie/workspace/hpc3_jhe724/outputs/research_q35/e3_s2add_main20k_cci_r2_005000/summary.json
e3_s2add_main20k_cci_r2_010000,210,teacher,action_0_1,0.02265044431357334,-0.03331740526343873,0.0056128008567311585,0.8476190476190476,/data/users/junjie/workspace/hpc3_jhe724/outputs/research_q35/e3_s2add_main20k_cci_r2_010000/summary.json
e3_s2add_main20k_cci_r2_010000,210,teacher,action_1_9,0.016281744110996702,-0.026527902500016527,0.0038328825899891002,0.9476190476190476,/data/users/junjie/workspace/hpc3_jhe724/outputs/research_q35/e3_s2add_main20k_cci_r2_010000/summary.json
e3_s2add_main20k_cci_r2_010000,210,teacher,action_25_36,0.018025889454431655,-0.02295917441702581,0.005189733894429555,0.9095238095238095,/data/users/junjie/workspace/hpc3_jhe724/outputs/research_q35/e3_s2add_main20k_cci_r2_010000/summary.json
e3_s2add_main20k_cci_r2_010000,210,teacher,action_9_25,0.017777422706352637,-0.023158442661432282,0.005004416059198771,0.9047619047619048,/data/users/junjie/workspace/hpc3_jhe724/outputs/research_q35/e3_s2add_main20k_cci_r2_010000/summary.json
e3_s2add_main20k_cci_r2_010000,210,teacher,action_all,0.01765633195671918,-0.024128517061139325,0.0041423878305954995,0.9476190476190476,/data/users/junjie/workspace/hpc3_jhe724/outputs/research_q35/e3_s2add_main20k_cci_r2_010000/summary.json
e3_s2add_main20k_cci_r2_010000,210,teacher,motion_fraction,0.2308943937222163,0.0,0.0,0.0,/data/users/junjie/workspace/hpc3_jhe724/outputs/research_q35/e3_s2add_main20k_cci_r2_010000/summary.json
e3_s2add_main20k_cci_r2_010000,210,teacher,semantic_ratio,0.006090594321804947,0.006090594321804947,9.172684476106794e-05,0.0,/data/users/junjie/workspace/hpc3_jhe724/outputs/research_q35/e3_s2add_main20k_cci_r2_010000/summary.json
e3_s2add_main20k_cci_r2_010000,210,teacher,video,0.1003789784830241,-0.0010536270304804757,0.00039265756772015575,0.49523809523809526,/data/users/junjie/workspace/hpc3_jhe724/outputs/research_q35/e3_s2add_main20k_cci_r2_010000/summary.json
e3_s2add_main20k_cci_r2_010000,210,teacher,video_main,0.041555386763953026,2.8119107619637536e-05,0.00019967805203119444,0.38095238095238093,/data/users/junjie/workspace/hpc3_jhe724/outputs/research_q35/e3_s2add_main20k_cci_r2_010000/summary.json
e3_s2add_main20k_cci_r2_010000,210,teacher,video_motion,0.2761974913023767,-0.004153069782824743,0.001202379010001764,0.5380952380952381,/data/users/junjie/workspace/hpc3_jhe724/outputs/research_q35/e3_s2add_main20k_cci_r2_010000/summary.json
e3_s2add_main20k_cci_r2_010000,210,teacher,video_motion_main,0.25238493675632134,-0.0011537450232676097,0.0013566337425709636,0.40476190476190477,/data/users/junjie/workspace/hpc3_jhe724/outputs/research_q35/e3_s2add_main20k_cci_r2_010000/summary.json
e3_s2add_main20k_cci_r2_010000,210,teacher,video_motion_wrist,0.3000100458306926,-0.0071523948084740415,0.001518239790516517,0.6,/data/users/junjie/workspace/hpc3_jhe724/outputs/research_q35/e3_s2add_main20k_cci_r2_010000/summary.json
e3_s2add_main20k_cci_r2_010000,210,teacher,video_wrist,0.159202569936003,-0.0021353732883220627,0.0006810356071008012,0.5285714285714286,/data/users/junjie/workspace/hpc3_jhe724/outputs/research_q35/e3_s2add_main20k_cci_r2_010000/summary.json
e3_s2add_main20k_cci_r2_010000,210,semantic_disabled,action_0_1,0.05596784957701207,0.0,0.0,0.0,/data/users/junjie/workspace/hpc3_jhe724/outputs/research_q35/e3_s2add_main20k_cci_r2_010000/summary.json
e3_s2add_main20k_cci_r2_010000,210,semantic_disabled,action_1_9,0.042809646611013226,0.0,0.0,0.0,/data/users/junjie/workspace/hpc3_jhe724/outputs/research_q35/e3_s2add_main20k_cci_r2_010000/summary.json
e3_s2add_main20k_cci_r2_010000,210,semantic_disabled,action_25_36,0.040985063871457464,0.0,0.0,0.0,/data/users/junjie/workspace/hpc3_jhe724/outputs/research_q35/e3_s2add_main20k_cci_r2_010000/summary.json
e3_s2add_main20k_cci_r2_010000,210,semantic_disabled,action_9_25,0.040935865367784915,0.0,0.0,0.0,/data/users/junjie/workspace/hpc3_jhe724/outputs/research_q35/e3_s2add_main20k_cci_r2_010000/summary.json
e3_s2add_main20k_cci_r2_010000,210,semantic_disabled,action_all,0.041784849017858505,0.0,0.0,0.0,/data/users/junjie/workspace/hpc3_jhe724/outputs/research_q35/e3_s2add_main20k_cci_r2_010000/summary.json
e3_s2add_main20k_cci_r2_010000,210,semantic_disabled,motion_fraction,0.2308943937222163,0.0,0.0,0.0,/data/users/junjie/workspace/hpc3_jhe724/outputs/research_q35/e3_s2add_main20k_cci_r2_010000/summary.json
e3_s2add_main20k_cci_r2_010000,210,semantic_disabled,semantic_ratio,0.0,0.0,0.0,0.0,/data/users/junjie/workspace/hpc3_jhe724/outputs/research_q35/e3_s2add_main20k_cci_r2_010000/summary.json
e3_s2add_main20k_cci_r2_010000,210,semantic_disabled,video,0.10143260551350457,0.0,0.0,0.0,/data/users/junjie/workspace/hpc3_jhe724/outputs/research_q35/e3_s2add_main20k_cci_r2_010000/summary.json
e3_s2add_main20k_cci_r2_010000,210,semantic_disabled,video_main,0.04152726765633339,0.0,0.0,0.0,/data/users/junjie/workspace/hpc3_jhe724/outputs/research_q35/e3_s2add_main20k_cci_r2_010000/summary.json
e3_s2add_main20k_cci_r2_010000,210,semantic_disabled,video_motion,0.28035056108520146,0.0,0.0,0.0,/data/users/junjie/workspace/hpc3_jhe724/outputs/research_q35/e3_s2add_main20k_cci_r2_010000/summary.json
e3_s2add_main20k_cci_r2_010000,210,semantic_disabled,video_motion_main,0.253538681779589,0.0,0.0,0.0,/data/users/junjie/workspace/hpc3_jhe724/outputs/research_q35/e3_s2add_main20k_cci_r2_010000/summary.json
e3_s2add_main20k_cci_r2_010000,210,semantic_disabled,video_motion_wrist,0.3071624406391666,0.0,0.0,0.0,/data/users/junjie/workspace/hpc3_jhe724/outputs/research_q35/e3_s2add_main20k_cci_r2_010000/summary.json
e3_s2add_main20k_cci_r2_010000,210,semantic_disabled,video_wrist,0.16133794322432507,0.0,0.0,0.0,/data/users/junjie/workspace/hpc3_jhe724/outputs/research_q35/e3_s2add_main20k_cci_r2_010000/summary.json
e3_s2add_main20k_cci_r2_010000,210,teacher_wrist_masked,action_0_1,0.06385234667520438,0.007884497098192306,0.0031908952884662114,0.4142857142857143,/data/users/junjie/workspace/hpc3_jhe724/outputs/research_q35/e3_s2add_main20k_cci_r2_010000/summary.json
e3_s2add_main20k_cci_r2_010000,210,teacher_wrist_masked,action_1_9,0.04897510721126483,0.006165460600251598,0.0028740530070809635,0.36666666666666664,/data/users/junjie/workspace/hpc3_jhe724/outputs/research_q35/e3_s2add_main20k_cci_r2_010000/summary.json
e3_s2add_main20k_cci_r2_010000,210,teacher_wrist_masked,action_25_36,0.04138632595505831,0.00040126208360085177,0.00513623692921729,0.3476190476190476,/data/users/junjie/workspace/hpc3_jhe724/outputs/research_q35/e3_s2add_main20k_cci_r2_010000/summary.json
e3_s2add_main20k_cci_r2_010000,210,teacher_wrist_masked,action_9_25,0.04081344238726334,-0.00012242298052158384,0.004568032911235556,0.37142857142857144,/data/users/junjie/workspace/hpc3_jhe724/outputs/research_q35/e3_s2add_main20k_cci_r2_010000/summary.json
e3_s2add_main20k_cci_r2_010000,210,teacher_wrist_masked,action_all,0.04344216282479465,0.0016573138069361447,0.0038069814500004844,0.34285714285714286,/data/users/junjie/workspace/hpc3_jhe724/outputs/research_q35/e3_s2add_main20k_cci_r2_010000/summary.json
e3_s2add_main20k_cci_r2_010000,210,teacher_wrist_masked,motion_fraction,0.2308943937222163,0.0,0.0,0.0,/data/users/junjie/workspace/hpc3_jhe724/outputs/research_q35/e3_s2add_main20k_cci_r2_010000/summary.json
e3_s2add_main20k_cci_r2_010000,210,teacher_wrist_masked,semantic_ratio,0.003991573944108712,0.003991573944108712,5.635225276360617e-05,0.0,/data/users/junjie/workspace/hpc3_jhe724/outputs/research_q35/e3_s2add_main20k_cci_r2_010000/summary.json
e3_s2add_main20k_cci_r2_010000,210,teacher_wrist_masked,video,0.10225883646025544,0.000826230946750868,0.00016601844438592257,0.3,/data/users/junjie/workspace/hpc3_jhe724/outputs/research_q35/e3_s2add_main20k_cci_r2_010000/summary.json
e3_s2add_main20k_cci_r2_010000,210,teacher_wrist_masked,video_main,0.041708169977313705,0.00018090232098031612,0.00017147680387110854,0.38095238095238093,/data/users/junjie/workspace/hpc3_jhe724/outputs/research_q35/e3_s2add_main20k_cci_r2_010000/summary.json
e3_s2add_main20k_cci_r2_010000,210,teacher_wrist_masked,video_motion,0.2817361056804657,0.001385544595264253,0.0006977129401309535,0.3619047619047619,/data/users/junjie/workspace/hpc3_jhe724/outputs/research_q35/e3_s2add_main20k_cci_r2_010000/summary.json
e3_s2add_main20k_cci_r2_010000,210,teacher_wrist_masked,video_motion_main,0.25346448545654615,-7.419632304282416e-05,0.0011185792014246868,0.4380952380952381,/data/users/junjie/workspace/hpc3_jhe724/outputs/research_q35/e3_s2add_main20k_cci_r2_010000/summary.json
e3_s2add_main20k_cci_r2_010000,210,teacher_wrist_masked,video_motion_wrist,0.31000772597534315,0.0028452853361765544,0.0006164811380865772,0.2619047619047619,/data/users/junjie/workspace/hpc3_jhe724/outputs/research_q35/e3_s2add_main20k_cci_r2_010000/summary.json
e3_s2add_main20k_cci_r2_010000,210,teacher_wrist_masked,video_wrist,0.16280950359290555,0.0014715603685804776,0.00025894611882324147,0.26666666666666666,/data/users/junjie/workspace/hpc3_jhe724/outputs/research_q35/e3_s2add_main20k_cci_r2_010000/summary.json
e3_s2add_main20k_cci_r2_010000,210,teacher_main_masked,action_0_1,0.040420635404907874,-0.015547214172104196,0.005775486188879386,0.5523809523809524,/data/users/junjie/workspace/hpc3_jhe724/outputs/research_q35/e3_s2add_main20k_cci_r2_010000/summary.json
e3_s2add_main20k_cci_r2_010000,210,teacher_main_masked,action_1_9,0.029643183892282345,-0.01316646271873088,0.0037088246966115856,0.5095238095238095,/data/users/junjie/workspace/hpc3_jhe724/outputs/research_q35/e3_s2add_main20k_cci_r2_010000/summary.json
e3_s2add_main20k_cci_r2_010000,210,teacher_main_masked,action_25_36,0.03549924475540008,-0.0054858191160573845,0.0055839854289774105,0.4142857142857143,/data/users/junjie/workspace/hpc3_jhe724/outputs/research_q35/e3_s2add_main20k_cci_r2_010000/summary.json
e3_s2add_main20k_cci_r2_010000,210,teacher_main_masked,action_9_25,0.03115021603603271,-0.009785649331752211,0.004946598115294966,0.4238095238095238,/data/users/junjie/workspace/hpc3_jhe724/outputs/research_q35/e3_s2add_main20k_cci_r2_010000/summary.json
e3_s2add_main20k_cci_r2_010000,210,teacher_main_masked,action_all,0.0324017015352313,-0.009383147482627205,0.004177779097256529,0.44761904761904764,/data/users/junjie/workspace/hpc3_jhe724/outputs/research_q35/e3_s2add_main20k_cci_r2_010000/summary.json
e3_s2add_main20k_cci_r2_010000,210,teacher_main_masked,motion_fraction,0.2308943937222163,0.0,0.0,0.0,/data/users/junjie/workspace/hpc3_jhe724/outputs/research_q35/e3_s2add_main20k_cci_r2_010000/summary.json
e3_s2add_main20k_cci_r2_010000,210,teacher_main_masked,semantic_ratio,0.0034683179107072594,0.0034683179107072594,5.597903023433005e-05,0.0,/data/users/junjie/workspace/hpc3_jhe724/outputs/research_q35/e3_s2add_main20k_cci_r2_010000/summary.json
e3_s2add_main20k_cci_r2_010000,210,teacher_main_masked,video,0.10046615383277337,-0.0009664516807312057,0.00033310153916336986,0.5285714285714286,/data/users/junjie/workspace/hpc3_jhe724/outputs/research_q35/e3_s2add_main20k_cci_r2_010000/summary.json
e3_s2add_main20k_cci_r2_010000,210,teacher_main_masked,video_main,0.04157993937177318,5.26717154397851e-05,0.00010229506406776807,0.3476190476190476,/data/users/junjie/workspace/hpc3_jhe724/outputs/research_q35/e3_s2add_main20k_cci_r2_010000/summary.json
e3_s2add_main20k_cci_r2_010000,210,teacher_main_masked,video_motion,0.2768967564971674,-0.0034538045880340394,0.0009235627554231582,0.5523809523809524,/data/users/junjie/workspace/hpc3_jhe724/outputs/research_q35/e3_s2add_main20k_cci_r2_010000/summary.json
e3_s2add_main20k_cci_r2_010000,210,teacher_main_masked,video_motion_main,0.25355302906107335,1.4347281484376816e-05,0.0007535305982327885,0.4142857142857143,/data/users/junjie/workspace/hpc3_jhe724/outputs/research_q35/e3_s2add_main20k_cci_r2_010000/summary.json
e3_s2add_main20k_cci_r2_010000,210,teacher_main_masked,video_motion_wrist,0.3002404832769008,-0.006921957362265814,0.0014204859257714107,0.5952380952380952,/data/users/junjie/workspace/hpc3_jhe724/outputs/research_q35/e3_s2add_main20k_cci_r2_010000/summary.json
e3_s2add_main20k_cci_r2_010000,210,teacher_main_masked,video_wrist,0.15935236790350504,-0.0019855753208200136,0.0006210579512651801,0.5285714285714286,/data/users/junjie/workspace/hpc3_jhe724/outputs/research_q35/e3_s2add_main20k_cci_r2_010000/summary.json
e3_s2add_main20k_cci_r2_015000,210,teacher,action_0_1,0.005520720540828604,-0.019536586783388408,0.0035689061222005953,0.9238095238095239,/data/users/junjie/workspace/hpc3_jhe724/outputs/research_q35/e3_s2add_main20k_cci_r2_015000/summary.json
e3_s2add_main20k_cci_r2_015000,210,teacher,action_1_9,0.005088438964559741,-0.013592986048786856,0.001664006353449588,0.9666666666666667,/data/users/junjie/workspace/hpc3_jhe724/outputs/research_q35/e3_s2add_main20k_cci_r2_015000/summary.json
e3_s2add_main20k_cci_r2_015000,210,teacher,action_25_36,0.005736603582391538,-0.014557752962753598,0.0045586245338426245,0.9619047619047619,/data/users/junjie/workspace/hpc3_jhe724/outputs/research_q35/e3_s2add_main20k_cci_r2_015000/summary.json
e3_s2add_main20k_cci_r2_015000,210,teacher,action_9_25,0.005112885383173956,-0.014606066942741606,0.002550375227410339,0.9809523809523809,/data/users/junjie/workspace/hpc3_jhe724/outputs/research_q35/e3_s2add_main20k_cci_r2_015000/summary.json
e3_s2add_main20k_cci_r2_015000,210,teacher,action_all,0.005309362116081285,-0.014503134145966864,0.00256745825417808,0.9952380952380953,/data/users/junjie/workspace/hpc3_jhe724/outputs/research_q35/e3_s2add_main20k_cci_r2_015000/summary.json
e3_s2add_main20k_cci_r2_015000,210,teacher,motion_fraction,0.2308943937222163,0.0,0.0,0.0,/data/users/junjie/workspace/hpc3_jhe724/outputs/research_q35/e3_s2add_main20k_cci_r2_015000/summary.json
e3_s2add_main20k_cci_r2_015000,210,teacher,semantic_ratio,0.006814986608071045,0.006814986608071045,9.99897796485917e-05,0.0,/data/users/junjie/workspace/hpc3_jhe724/outputs/research_q35/e3_s2add_main20k_cci_r2_015000/summary.json
e3_s2add_main20k_cci_r2_015000,210,teacher,video,0.1006139345112301,-0.000585947185754776,0.0003715823930707809,0.4714285714285714,/data/users/junjie/workspace/hpc3_jhe724/outputs/research_q35/e3_s2add_main20k_cci_r2_015000/summary.json
e3_s2add_main20k_cci_r2_015000,210,teacher,video_main,0.041637983419267194,-5.7544876333503495e-05,0.0001541465315625866,0.42857142857142855,/data/users/junjie/workspace/hpc3_jhe724/outputs/research_q35/e3_s2add_main20k_cci_r2_015000/summary.json
e3_s2add_main20k_cci_r2_015000,210,teacher,video_motion,0.27654595889505884,-0.003279504676659902,0.0010660438427421777,0.5142857142857142,/data/users/junjie/workspace/hpc3_jhe724/outputs/research_q35/e3_s2add_main20k_cci_r2_015000/summary.json
e3_s2add_main20k_cci_r2_015000,210,teacher,video_motion_main,0.2524491803454501,-0.0019512583279893512,0.0010230199347151078,0.45714285714285713,/data/users/junjie/workspace/hpc3_jhe724/outputs/research_q35/e3_s2add_main20k_cci_r2_015000/summary.json
e3_s2add_main20k_cci_r2_015000,210,teacher,video_motion_wrist,0.3006427363980384,-0.00460775171717008,0.0014670689318706917,0.5190476190476191,/data/users/junjie/workspace/hpc3_jhe724/outputs/research_q35/e3_s2add_main20k_cci_r2_015000/summary.json
e3_s2add_main20k_cci_r2_015000,210,teacher,video_wrist,0.15958988659438633,-0.001114348659203166,0.0006536003288006042,0.47619047619047616,/data/users/junjie/workspace/hpc3_jhe724/outputs/research_q35/e3_s2add_main20k_cci_r2_015000/summary.json
e3_s2add_main20k_cci_r2_015000,210,semantic_disabled,action_0_1,0.025057307324217012,0.0,0.0,0.0,/data/users/junjie/workspace/hpc3_jhe724/outputs/research_q35/e3_s2add_main20k_cci_r2_015000/summary.json
e3_s2add_main20k_cci_r2_015000,210,semantic_disabled,action_1_9,0.018681425013346596,0.0,0.0,0.0,/data/users/junjie/workspace/hpc3_jhe724/outputs/research_q35/e3_s2add_main20k_cci_r2_015000/summary.json
e3_s2add_main20k_cci_r2_015000,210,semantic_disabled,action_25_36,0.020294356545145137,0.0,0.0,0.0,/data/users/junjie/workspace/hpc3_jhe724/outputs/research_q35/e3_s2add_main20k_cci_r2_015000/summary.json
e3_s2add_main20k_cci_r2_015000,210,semantic_disabled,action_9_25,0.019718952325915563,0.0,0.0,0.0,/data/users/junjie/workspace/hpc3_jhe724/outputs/research_q35/e3_s2add_main20k_cci_r2_015000/summary.json
e3_s2add_main20k_cci_r2_015000,210,semantic_disabled,action_all,0.01981249626204815,0.0,0.0,0.0,/data/users/junjie/workspace/hpc3_jhe724/outputs/research_q35/e3_s2add_main20k_cci_r2_015000/summary.json
e3_s2add_main20k_cci_r2_015000,210,semantic_disabled,motion_fraction,0.2308943937222163,0.0,0.0,0.0,/data/users/junjie/workspace/hpc3_jhe724/outputs/research_q35/e3_s2add_main20k_cci_r2_015000/summary.json
e3_s2add_main20k_cci_r2_015000,210,semantic_disabled,semantic_ratio,0.0,0.0,0.0,0.0,/data/users/junjie/workspace/hpc3_jhe724/outputs/research_q35/e3_s2add_main20k_cci_r2_015000/summary.json
e3_s2add_main20k_cci_r2_015000,210,semantic_disabled,video,0.10119988169698488,0.0,0.0,0.0,/data/users/junjie/workspace/hpc3_jhe724/outputs/research_q35/e3_s2add_main20k_cci_r2_015000/summary.json
e3_s2add_main20k_cci_r2_015000,210,semantic_disabled,video_main,0.0416955282956007,0.0,0.0,0.0,/data/users/junjie/workspace/hpc3_jhe724/outputs/research_q35/e3_s2add_main20k_cci_r2_015000/summary.json
e3_s2add_main20k_cci_r2_015000,210,semantic_disabled,video_motion,0.2798254635717188,0.0,0.0,0.0,/data/users/junjie/workspace/hpc3_jhe724/outputs/research_q35/e3_s2add_main20k_cci_r2_015000/summary.json
e3_s2add_main20k_cci_r2_015000,210,semantic_disabled,video_motion_main,0.2544004386734395,0.0,0.0,0.0,/data/users/junjie/workspace/hpc3_jhe724/outputs/research_q35/e3_s2add_main20k_cci_r2_015000/summary.json
e3_s2add_main20k_cci_r2_015000,210,semantic_disabled,video_motion_wrist,0.3052504881152085,0.0,0.0,0.0,/data/users/junjie/workspace/hpc3_jhe724/outputs/research_q35/e3_s2add_main20k_cci_r2_015000/summary.json
e3_s2add_main20k_cci_r2_015000,210,semantic_disabled,video_wrist,0.16070423525358948,0.0,0.0,0.0,/data/users/junjie/workspace/hpc3_jhe724/outputs/research_q35/e3_s2add_main20k_cci_r2_015000/summary.json
e3_s2add_main20k_cci_r2_015000,210,teacher_wrist_masked,action_0_1,0.032675974741245485,0.007618667417028475,0.0020391288205727272,0.3523809523809524,/data/users/junjie/workspace/hpc3_jhe724/outputs/research_q35/e3_s2add_main20k_cci_r2_015000/summary.json
e3_s2add_main20k_cci_r2_015000,210,teacher_wrist_masked,action_1_9,0.025291123410819898,0.006609698397473299,0.0014345046199425743,0.2619047619047619,/data/users/junjie/workspace/hpc3_jhe724/outputs/research_q35/e3_s2add_main20k_cci_r2_015000/summary.json
e3_s2add_main20k_cci_r2_015000,210,teacher_wrist_masked,action_25_36,0.023457487171981484,0.003163130626836348,0.004406675239995158,0.28095238095238095,/data/users/junjie/workspace/hpc3_jhe724/outputs/research_q35/e3_s2add_main20k_cci_r2_015000/summary.json
e3_s2add_main20k_cci_r2_015000,210,teacher_wrist_masked,action_9_25,0.023178226469705503,0.003459274143789939,0.002403828958460594,0.28095238095238095,/data/users/junjie/workspace/hpc3_jhe724/outputs/research_q35/e3_s2add_main20k_cci_r2_015000/summary.json
e3_s2add_main20k_cci_r2_015000,210,teacher_wrist_masked,action_all,0.023996915113336095,0.004184418851287947,0.002435392862614652,0.21428571428571427,/data/users/junjie/workspace/hpc3_jhe724/outputs/research_q35/e3_s2add_main20k_cci_r2_015000/summary.json
e3_s2add_main20k_cci_r2_015000,210,teacher_wrist_masked,motion_fraction,0.2308943937222163,0.0,0.0,0.0,/data/users/junjie/workspace/hpc3_jhe724/outputs/research_q35/e3_s2add_main20k_cci_r2_015000/summary.json
e3_s2add_main20k_cci_r2_015000,210,teacher_wrist_masked,semantic_ratio,0.004239110136907144,0.004239110136907144,6.0281424065044135e-05,0.0,/data/users/junjie/workspace/hpc3_jhe724/outputs/research_q35/e3_s2add_main20k_cci_r2_015000/summary.json
e3_s2add_main20k_cci_r2_015000,210,teacher_wrist_masked,video,0.10199723913378658,0.0007973574368017061,0.00017984049143008704,0.3,/data/users/junjie/workspace/hpc3_jhe724/outputs/research_q35/e3_s2add_main20k_cci_r2_015000/summary.json
e3_s2add_main20k_cci_r2_015000,210,teacher_wrist_masked,video_main,0.04178833189597797,9.280360037727016e-05,0.00014026628828715614,0.4142857142857143,/data/users/junjie/workspace/hpc3_jhe724/outputs/research_q35/e3_s2add_main20k_cci_r2_015000/summary.json
e3_s2add_main20k_cci_r2_015000,210,teacher_wrist_masked,video_motion,0.2805723478396734,0.0007468842679545993,0.0005876638330276455,0.36666666666666664,/data/users/junjie/workspace/hpc3_jhe724/outputs/research_q35/e3_s2add_main20k_cci_r2_015000/summary.json
e3_s2add_main20k_cci_r2_015000,210,teacher_wrist_masked,video_motion_main,0.25344558319165594,-0.000954855481783549,0.0008209849555768726,0.44285714285714284,/data/users/junjie/workspace/hpc3_jhe724/outputs/research_q35/e3_s2add_main20k_cci_r2_015000/summary.json
e3_s2add_main20k_cci_r2_015000,210,teacher_wrist_masked,video_motion_wrist,0.3076991144390333,0.002448626323824837,0.0006784227025873033,0.3333333333333333,/data/users/junjie/workspace/hpc3_jhe724/outputs/research_q35/e3_s2add_main20k_cci_r2_015000/summary.json
e3_s2add_main20k_cci_r2_015000,210,teacher_wrist_masked,video_wrist,0.16220614681286472,0.0015019115592752185,0.0003027021462352526,0.3238095238095238,/data/users/junjie/workspace/hpc3_jhe724/outputs/research_q35/e3_s2add_main20k_cci_r2_015000/summary.json
e3_s2add_main20k_cci_r2_015000,210,teacher_main_masked,action_0_1,0.013967956875040684,-0.011089350449176328,0.003337722052523874,0.6238095238095238,/data/users/junjie/workspace/hpc3_jhe724/outputs/research_q35/e3_s2add_main20k_cci_r2_015000/summary.json
e3_s2add_main20k_cci_r2_015000,210,teacher_main_masked,action_1_9,0.011440469735645734,-0.007240955277700864,0.001649739510054929,0.6142857142857143,/data/users/junjie/workspace/hpc3_jhe724/outputs/research_q35/e3_s2add_main20k_cci_r2_015000/summary.json
e3_s2add_main20k_cci_r2_015000,210,teacher_main_masked,action_25_36,0.013718533166129851,-0.006575823379015284,0.004606361140708306,0.5523809523809524,/data/users/junjie/workspace/hpc3_jhe724/outputs/research_q35/e3_s2add_main20k_cci_r2_015000/summary.json
e3_s2add_main20k_cci_r2_015000,210,teacher_main_masked,action_9_25,0.011598766543292663,-0.0081201857826229,0.0025344893136623795,0.6,/data/users/junjie/workspace/hpc3_jhe724/outputs/research_q35/e3_s2add_main20k_cci_r2_015000/summary.json
e3_s2add_main20k_cci_r2_015000,210,teacher_main_masked,action_all,0.012277106797721768,-0.00753538946432638,0.0025761682680478224,0.6047619047619047,/data/users/junjie/workspace/hpc3_jhe724/outputs/research_q35/e3_s2add_main20k_cci_r2_015000/summary.json
e3_s2add_main20k_cci_r2_015000,210,teacher_main_masked,motion_fraction,0.2308943937222163,0.0,0.0,0.0,/data/users/junjie/workspace/hpc3_jhe724/outputs/research_q35/e3_s2add_main20k_cci_r2_015000/summary.json
e3_s2add_main20k_cci_r2_015000,210,teacher_main_masked,semantic_ratio,0.004131545486229048,0.004131545486229048,6.387000671447587e-05,0.0,/data/users/junjie/workspace/hpc3_jhe724/outputs/research_q35/e3_s2add_main20k_cci_r2_015000/summary.json
e3_s2add_main20k_cci_r2_015000,210,teacher_main_masked,video,0.1010703338221425,-0.00012954787484237125,0.0003311426807267913,0.4238095238095238,/data/users/junjie/workspace/hpc3_jhe724/outputs/research_q35/e3_s2add_main20k_cci_r2_015000/summary.json
e3_s2add_main20k_cci_r2_015000,210,teacher_main_masked,video_main,0.04188252113582123,0.00018699284022053082,9.050059274445172e-05,0.37142857142857144,/data/users/junjie/workspace/hpc3_jhe724/outputs/research_q35/e3_s2add_main20k_cci_r2_015000/summary.json
e3_s2add_main20k_cci_r2_015000,210,teacher_main_masked,video_motion,0.2787700710906869,-0.001055392481031872,0.0008719085157361372,0.4523809523809524,/data/users/junjie/workspace/hpc3_jhe724/outputs/research_q35/e3_s2add_main20k_cci_r2_015000/summary.json
e3_s2add_main20k_cci_r2_015000,210,teacher_main_masked,video_motion_main,0.2551348741210642,0.0007344354476247515,0.0006517853607824402,0.3904761904761905,/data/users/junjie/workspace/hpc3_jhe724/outputs/research_q35/e3_s2add_main20k_cci_r2_015000/summary.json
e3_s2add_main20k_cci_r2_015000,210,teacher_main_masked,video_motion_wrist,0.30240526724429356,-0.0028452208709149134,0.001427550031468708,0.4714285714285714,/data/users/junjie/workspace/hpc3_jhe724/outputs/research_q35/e3_s2add_main20k_cci_r2_015000/summary.json
e3_s2add_main20k_cci_r2_015000,210,teacher_main_masked,video_wrist,0.16025814643750588,-0.0004460888160836129,0.0006276639838067876,0.44285714285714284,/data/users/junjie/workspace/hpc3_jhe724/outputs/research_q35/e3_s2add_main20k_cci_r2_015000/summary.json
e3_s2add_main20k_cci_r2_020000,210,teacher,action_0_1,0.003261107809486843,-0.018864435616636737,0.0033780273730855664,0.9714285714285714,/data/users/junjie/workspace/hpc3_jhe724/outputs/research_q35/e3_s2add_main20k_cci_r2_020000/summary.json
e3_s2add_main20k_cci_r2_020000,210,teacher,action_1_9,0.002992577918173213,-0.01212322644964193,0.0012936945906135602,0.9904761904761905,/data/users/junjie/workspace/hpc3_jhe724/outputs/research_q35/e3_s2add_main20k_cci_r2_020000/summary.json
e3_s2add_main20k_cci_r2_020000,210,teacher,action_25_36,0.003180157284770671,-0.014149830017205593,0.004588675042325995,0.9809523809523809,/data/users/junjie/workspace/hpc3_jhe724/outputs/research_q35/e3_s2add_main20k_cci_r2_020000/summary.json
e3_s2add_main20k_cci_r2_020000,210,teacher,action_9_25,0.0029913016398149055,-0.013223297481973921,0.0025023453888016463,1.0,/data/users/junjie/workspace/hpc3_jhe724/outputs/research_q35/e3_s2add_main20k_cci_r2_020000/summary.json
e3_s2add_main20k_cci_r2_020000,210,teacher,action_all,0.0030567857873393224,-0.013418642575908009,0.002548994780883611,1.0,/data/users/junjie/workspace/hpc3_jhe724/outputs/research_q35/e3_s2add_main20k_cci_r2_020000/summary.json
e3_s2add_main20k_cci_r2_020000,210,teacher,motion_fraction,0.2308943937222163,0.0,0.0,0.0,/data/users/junjie/workspace/hpc3_jhe724/outputs/research_q35/e3_s2add_main20k_cci_r2_020000/summary.json
e3_s2add_main20k_cci_r2_020000,210,teacher,semantic_ratio,0.007689177779869657,0.007689177779869657,0.00010646851089405267,0.0,/data/users/junjie/workspace/hpc3_jhe724/outputs/research_q35/e3_s2add_main20k_cci_r2_020000/summary.json
e3_s2add_main20k_cci_r2_020000,210,teacher,video,0.10044487819430374,-0.000690946275634425,0.0003803969637884049,0.48095238095238096,/data/users/junjie/workspace/hpc3_jhe724/outputs/research_q35/e3_s2add_main20k_cci_r2_020000/summary.json
e3_s2add_main20k_cci_r2_020000,210,teacher,video_main,0.0415560996403829,-0.00011139268365999063,0.0001573882418782765,0.49047619047619045,/data/users/junjie/workspace/hpc3_jhe724/outputs/research_q35/e3_s2add_main20k_cci_r2_020000/summary.json
e3_s2add_main20k_cci_r2_020000,210,teacher,video_motion,0.27590631409769967,-0.0036765459747541518,0.0010794266335678012,0.5476190476190477,/data/users/junjie/workspace/hpc3_jhe724/outputs/research_q35/e3_s2add_main20k_cci_r2_020000/summary.json
e3_s2add_main20k_cci_r2_020000,210,teacher,video_motion_main,0.2518441174001921,-0.0024145636707544327,0.0010508025042544125,0.49523809523809526,/data/users/junjie/workspace/hpc3_jhe724/outputs/research_q35/e3_s2add_main20k_cci_r2_020000/summary.json
e3_s2add_main20k_cci_r2_020000,210,teacher,video_motion_wrist,0.2999685099437123,-0.0049385284029302146,0.0014613239726134753,0.5476190476190477,/data/users/junjie/workspace/hpc3_jhe724/outputs/research_q35/e3_s2add_main20k_cci_r2_020000/summary.json
e3_s2add_main20k_cci_r2_020000,210,teacher,video_wrist,0.15933365675487687,-0.001270499559385436,0.0006667043874976979,0.49047619047619045,/data/users/junjie/workspace/hpc3_jhe724/outputs/research_q35/e3_s2add_main20k_cci_r2_020000/summary.json
e3_s2add_main20k_cci_r2_020000,210,semantic_disabled,action_0_1,0.022125543426123582,0.0,0.0,0.0,/data/users/junjie/workspace/hpc3_jhe724/outputs/research_q35/e3_s2add_main20k_cci_r2_020000/summary.json
e3_s2add_main20k_cci_r2_020000,210,semantic_disabled,action_1_9,0.015115804367815145,0.0,0.0,0.0,/data/users/junjie/workspace/hpc3_jhe724/outputs/research_q35/e3_s2add_main20k_cci_r2_020000/summary.json
e3_s2add_main20k_cci_r2_020000,210,semantic_disabled,action_25_36,0.017329987301976265,0.0,0.0,0.0,/data/users/junjie/workspace/hpc3_jhe724/outputs/research_q35/e3_s2add_main20k_cci_r2_020000/summary.json
e3_s2add_main20k_cci_r2_020000,210,semantic_disabled,action_9_25,0.01621459912178883,0.0,0.0,0.0,/data/users/junjie/workspace/hpc3_jhe724/outputs/research_q35/e3_s2add_main20k_cci_r2_020000/summary.json
e3_s2add_main20k_cci_r2_020000,210,semantic_disabled,action_all,0.016475428363247332,0.0,0.0,0.0,/data/users/junjie/workspace/hpc3_jhe724/outputs/research_q35/e3_s2add_main20k_cci_r2_020000/summary.json
e3_s2add_main20k_cci_r2_020000,210,semantic_disabled,motion_fraction,0.2308943937222163,0.0,0.0,0.0,/data/users/junjie/workspace/hpc3_jhe724/outputs/research_q35/e3_s2add_main20k_cci_r2_020000/summary.json
e3_s2add_main20k_cci_r2_020000,210,semantic_disabled,semantic_ratio,0.0,0.0,0.0,0.0,/data/users/junjie/workspace/hpc3_jhe724/outputs/research_q35/e3_s2add_main20k_cci_r2_020000/summary.json
e3_s2add_main20k_cci_r2_020000,210,semantic_disabled,video,0.10113582446993817,0.0,0.0,0.0,/data/users/junjie/workspace/hpc3_jhe724/outputs/research_q35/e3_s2add_main20k_cci_r2_020000/summary.json
e3_s2add_main20k_cci_r2_020000,210,semantic_disabled,video_main,0.04166749232404289,0.0,0.0,0.0,/data/users/junjie/workspace/hpc3_jhe724/outputs/research_q35/e3_s2add_main20k_cci_r2_020000/summary.json
e3_s2add_main20k_cci_r2_020000,210,semantic_disabled,video_motion,0.2795828600724538,0.0,0.0,0.0,/data/users/junjie/workspace/hpc3_jhe724/outputs/research_q35/e3_s2add_main20k_cci_r2_020000/summary.json
e3_s2add_main20k_cci_r2_020000,210,semantic_disabled,video_motion_main,0.2542586810709465,0.0,0.0,0.0,/data/users/junjie/workspace/hpc3_jhe724/outputs/research_q35/e3_s2add_main20k_cci_r2_020000/summary.json
e3_s2add_main20k_cci_r2_020000,210,semantic_disabled,video_motion_wrist,0.30490703834664257,0.0,0.0,0.0,/data/users/junjie/workspace/hpc3_jhe724/outputs/research_q35/e3_s2add_main20k_cci_r2_020000/summary.json
e3_s2add_main20k_cci_r2_020000,210,semantic_disabled,video_wrist,0.1606041563142623,0.0,0.0,0.0,/data/users/junjie/workspace/hpc3_jhe724/outputs/research_q35/e3_s2add_main20k_cci_r2_020000/summary.json
e3_s2add_main20k_cci_r2_020000,210,teacher_wrist_masked,action_0_1,0.030171551016558495,0.008046007590434914,0.002256058258925177,0.319047619047619,/data/users/junjie/workspace/hpc3_jhe724/outputs/research_q35/e3_s2add_main20k_cci_r2_020000/summary.json
e3_s2add_main20k_cci_r2_020000,210,teacher_wrist_masked,action_1_9,0.021866075827052727,0.006750271459237584,0.0012502625694749312,0.24285714285714285,/data/users/junjie/workspace/hpc3_jhe724/outputs/research_q35/e3_s2add_main20k_cci_r2_020000/summary.json
e3_s2add_main20k_cci_r2_020000,210,teacher_wrist_masked,action_25_36,0.019285204188088843,0.0019552168861125775,0.00440468755475882,0.2761904761904762,/data/users/junjie/workspace/hpc3_jhe724/outputs/research_q35/e3_s2add_main20k_cci_r2_020000/summary.json
e3_s2add_main20k_cci_r2_020000,210,teacher_wrist_masked,action_9_25,0.019627176255120764,0.0034125771333319357,0.002360134176623396,0.26666666666666666,/data/users/junjie/workspace/hpc3_jhe724/outputs/research_q35/e3_s2add_main20k_cci_r2_020000/summary.json
e3_s2add_main20k_cci_r2_020000,210,teacher_wrist_masked,action_all,0.02031311739119701,0.00383768902794968,0.002413589847283067,0.20476190476190476,/data/users/junjie/workspace/hpc3_jhe724/outputs/research_q35/e3_s2add_main20k_cci_r2_020000/summary.json
e3_s2add_main20k_cci_r2_020000,210,teacher_wrist_masked,motion_fraction,0.2308943937222163,0.0,0.0,0.0,/data/users/junjie/workspace/hpc3_jhe724/outputs/research_q35/e3_s2add_main20k_cci_r2_020000/summary.json
e3_s2add_main20k_cci_r2_020000,210,teacher_wrist_masked,semantic_ratio,0.004810922520910953,0.004810922520910953,6.518510051140894e-05,0.0,/data/users/junjie/workspace/hpc3_jhe724/outputs/research_q35/e3_s2add_main20k_cci_r2_020000/summary.json
e3_s2add_main20k_cci_r2_020000,210,teacher_wrist_masked,video,0.10192663212794634,0.0007908076580081668,0.0001633694088119455,0.2857142857142857,/data/users/junjie/workspace/hpc3_jhe724/outputs/research_q35/e3_s2add_main20k_cci_r2_020000/summary.json
e3_s2add_main20k_cci_r2_020000,210,teacher_wrist_masked,video_main,0.041657040913456254,-1.0451410586635272e-05,0.00014751122858043482,0.49047619047619045,/data/users/junjie/workspace/hpc3_jhe724/outputs/research_q35/e3_s2add_main20k_cci_r2_020000/summary.json
e3_s2add_main20k_cci_r2_020000,210,teacher_wrist_masked,video_motion,0.28018312305212023,0.000600262979666392,0.0005988062382683242,0.38095238095238093,/data/users/junjie/workspace/hpc3_jhe724/outputs/research_q35/e3_s2add_main20k_cci_r2_020000/summary.json
e3_s2add_main20k_cci_r2_020000,210,teacher_wrist_masked,video_motion_main,0.2525542834152778,-0.0017043976556687128,0.0009001745360561693,0.5095238095238095,/data/users/junjie/workspace/hpc3_jhe724/outputs/research_q35/e3_s2add_main20k_cci_r2_020000/summary.json
e3_s2add_main20k_cci_r2_020000,210,teacher_wrist_masked,video_motion_wrist,0.30781196220999674,0.0029049238633541835,0.0006257036428392936,0.3238095238095238,/data/users/junjie/workspace/hpc3_jhe724/outputs/research_q35/e3_s2add_main20k_cci_r2_020000/summary.json
e3_s2add_main20k_cci_r2_020000,210,teacher_wrist_masked,video_wrist,0.16219622339343742,0.0015920670791750862,0.00026126851210449926,0.29523809523809524,/data/users/junjie/workspace/hpc3_jhe724/outputs/research_q35/e3_s2add_main20k_cci_r2_020000/summary.json
e3_s2add_main20k_cci_r2_020000,210,teacher_main_masked,action_0_1,0.011688184881183719,-0.010437358544939863,0.0032785892990782003,0.6142857142857143,/data/users/junjie/workspace/hpc3_jhe724/outputs/research_q35/e3_s2add_main20k_cci_r2_020000/summary.json
e3_s2add_main20k_cci_r2_020000,210,teacher_main_masked,action_1_9,0.009599185802341838,-0.005516618565473306,0.0012802526406851362,0.5857142857142857,/data/users/junjie/workspace/hpc3_jhe724/outputs/research_q35/e3_s2add_main20k_cci_r2_020000/summary.json
e3_s2add_main20k_cci_r2_020000,210,teacher_main_masked,action_25_36,0.010627672008732112,-0.006702315293244152,0.004633748505438435,0.49523809523809526,/data/users/junjie/workspace/hpc3_jhe724/outputs/research_q35/e3_s2add_main20k_cci_r2_020000/summary.json
e3_s2add_main20k_cci_r2_020000,210,teacher_main_masked,action_9_25,0.009239629695990256,-0.006974969425798571,0.0025103773961995084,0.5666666666666667,/data/users/junjie/workspace/hpc3_jhe724/outputs/research_q35/e3_s2add_main20k_cci_r2_020000/summary.json
e3_s2add_main20k_cci_r2_020000,210,teacher_main_masked,action_all,0.009811670460649544,-0.006663757902597787,0.002563680977347619,0.5619047619047619,/data/users/junjie/workspace/hpc3_jhe724/outputs/research_q35/e3_s2add_main20k_cci_r2_020000/summary.json
e3_s2add_main20k_cci_r2_020000,210,teacher_main_masked,motion_fraction,0.2308943937222163,0.0,0.0,0.0,/data/users/junjie/workspace/hpc3_jhe724/outputs/research_q35/e3_s2add_main20k_cci_r2_020000/summary.json
e3_s2add_main20k_cci_r2_020000,210,teacher_main_masked,semantic_ratio,0.004686644889426833,0.004686644889426833,6.7875044047911e-05,0.0,/data/users/junjie/workspace/hpc3_jhe724/outputs/research_q35/e3_s2add_main20k_cci_r2_020000/summary.json
e3_s2add_main20k_cci_r2_020000,210,teacher_main_masked,video,0.10084262655249664,-0.000293197917441527,0.00033629665958551395,0.44761904761904764,/data/users/junjie/workspace/hpc3_jhe724/outputs/research_q35/e3_s2add_main20k_cci_r2_020000/summary.json
e3_s2add_main20k_cci_r2_020000,210,teacher_main_masked,video_main,0.04186195629161028,0.00019446396756739843,9.182557931262696e-05,0.36666666666666664,/data/users/junjie/workspace/hpc3_jhe724/outputs/research_q35/e3_s2add_main20k_cci_r2_020000/summary.json
e3_s2add_main20k_cci_r2_020000,210,teacher_main_masked,video_motion,0.2781890351857458,-0.0013938248867080326,0.0008792477510010405,0.48095238095238096,/data/users/junjie/workspace/hpc3_jhe724/outputs/research_q35/e3_s2add_main20k_cci_r2_020000/summary.json
e3_s2add_main20k_cci_r2_020000,210,teacher_main_masked,video_motion_main,0.2550185557632219,0.0007598746922754106,0.0006744564119215784,0.3761904761904762,/data/users/junjie/workspace/hpc3_jhe724/outputs/research_q35/e3_s2add_main20k_cci_r2_020000/summary.json
e3_s2add_main20k_cci_r2_020000,210,teacher_main_masked,video_motion_wrist,0.3013595147147065,-0.0035475236319360277,0.0014094783635884628,0.5190476190476191,/data/users/junjie/workspace/hpc3_jhe724/outputs/research_q35/e3_s2add_main20k_cci_r2_020000/summary.json
e3_s2add_main20k_cci_r2_020000,210,teacher_main_masked,video_wrist,0.1598232968843409,-0.0007808594299214226,0.0006341095824592898,0.46190476190476193,/data/users/junjie/workspace/hpc3_jhe724/outputs/research_q35/e3_s2add_main20k_cci_r2_020000/summary.json
e3_s2add_mainview20k_r2_005000,210,teacher,action_0_1,0.3869217875546643,-0.11989983356602135,0.015779852161659867,0.7761904761904762,/data/users/junjie/workspace/hpc3_jhe724/outputs/research_q35/e3_s2add_mainview20k_r2_005000/summary.json
e3_s2add_mainview20k_r2_005000,210,teacher,action_1_9,0.2526160989932361,-0.11797541575949816,0.01270787534142546,0.8476190476190476,/data/users/junjie/workspace/hpc3_jhe724/outputs/research_q35/e3_s2add_mainview20k_r2_005000/summary.json
e3_s2add_mainview20k_r2_005000,210,teacher,action_25_36,0.24500728151095766,-0.12929470394516274,0.01192906586858075,0.8952380952380953,/data/users/junjie/workspace/hpc3_jhe724/outputs/research_q35/e3_s2add_mainview20k_r2_005000/summary.json
e3_s2add_mainview20k_r2_005000,210,teacher,action_9_25,0.231638013802114,-0.0970760553365662,0.009583587646210838,0.8904761904761904,/data/users/junjie/workspace/hpc3_jhe724/outputs/research_q35/e3_s2add_mainview20k_r2_005000/summary.json
e3_s2add_mainview20k_r2_005000,210,teacher,action_all,0.2446982998933111,-0.11219894421242532,0.008002740699084377,0.9238095238095239,/data/users/junjie/workspace/hpc3_jhe724/outputs/research_q35/e3_s2add_mainview20k_r2_005000/summary.json
e3_s2add_mainview20k_r2_005000,210,teacher,motion_fraction,0.2308943937222163,0.0,0.0,0.0,/data/users/junjie/workspace/hpc3_jhe724/outputs/research_q35/e3_s2add_mainview20k_r2_005000/summary.json
e3_s2add_mainview20k_r2_005000,210,teacher,semantic_ratio,0.03603777180143941,0.03603777180143941,0.00018092233084669908,0.0,/data/users/junjie/workspace/hpc3_jhe724/outputs/research_q35/e3_s2add_mainview20k_r2_005000/summary.json
e3_s2add_mainview20k_r2_005000,210,teacher,video,0.10226032386223476,-0.0004675697712671189,0.00028167158267828983,0.5238095238095238,/data/users/junjie/workspace/hpc3_jhe724/outputs/research_q35/e3_s2add_mainview20k_r2_005000/summary.json
e3_s2add_mainview20k_r2_005000,210,teacher,video_main,0.04249509781199907,-0.00037835334605049517,0.00020062226468829094,0.5190476190476191,/data/users/junjie/workspace/hpc3_jhe724/outputs/research_q35/e3_s2add_mainview20k_r2_005000/summary.json
e3_s2add_mainview20k_r2_005000,210,teacher,video_motion,0.28326259347654525,-0.0029937006178356353,0.001053358405279565,0.5714285714285714,/data/users/junjie/workspace/hpc3_jhe724/outputs/research_q35/e3_s2add_mainview20k_r2_005000/summary.json
e3_s2add_mainview20k_r2_005000,210,teacher,video_motion_main,0.25874013244396166,-0.004761547524304617,0.0014758835811416336,0.6,/data/users/junjie/workspace/hpc3_jhe724/outputs/research_q35/e3_s2add_mainview20k_r2_005000/summary.json
e3_s2add_mainview20k_r2_005000,210,teacher,video_motion_wrist,0.30778505372859183,-0.0012258547757353102,0.0011297479015973451,0.5047619047619047,/data/users/junjie/workspace/hpc3_jhe724/outputs/research_q35/e3_s2add_mainview20k_r2_005000/summary.json
e3_s2add_mainview20k_r2_005000,210,teacher,video_wrist,0.1620255497505977,-0.0005567860390458788,0.0004875705823390074,0.5047619047619047,/data/users/junjie/workspace/hpc3_jhe724/outputs/research_q35/e3_s2add_mainview20k_r2_005000/summary.json
e3_s2add_mainview20k_r2_005000,210,semantic_disabled,action_0_1,0.5068216211206856,0.0,0.0,0.0,/data/users/junjie/workspace/hpc3_jhe724/outputs/research_q35/e3_s2add_mainview20k_r2_005000/summary.json
e3_s2add_mainview20k_r2_005000,210,semantic_disabled,action_1_9,0.3705915147527343,0.0,0.0,0.0,/data/users/junjie/workspace/hpc3_jhe724/outputs/research_q35/e3_s2add_mainview20k_r2_005000/summary.json
e3_s2add_mainview20k_r2_005000,210,semantic_disabled,action_25_36,0.3743019854561204,0.0,0.0,0.0,/data/users/junjie/workspace/hpc3_jhe724/outputs/research_q35/e3_s2add_mainview20k_r2_005000/summary.json
e3_s2add_mainview20k_r2_005000,210,semantic_disabled,action_9_25,0.3287140691386802,0.0,0.0,0.0,/data/users/junjie/workspace/hpc3_jhe724/outputs/research_q35/e3_s2add_mainview20k_r2_005000/summary.json
e3_s2add_mainview20k_r2_005000,210,semantic_disabled,action_all,0.3568972441057364,0.0,0.0,0.0,/data/users/junjie/workspace/hpc3_jhe724/outputs/research_q35/e3_s2add_mainview20k_r2_005000/summary.json
e3_s2add_mainview20k_r2_005000,210,semantic_disabled,motion_fraction,0.2308943937222163,0.0,0.0,0.0,/data/users/junjie/workspace/hpc3_jhe724/outputs/research_q35/e3_s2add_mainview20k_r2_005000/summary.json
e3_s2add_mainview20k_r2_005000,210,semantic_disabled,semantic_ratio,0.0,0.0,0.0,0.0,/data/users/junjie/workspace/hpc3_jhe724/outputs/research_q35/e3_s2add_mainview20k_r2_005000/summary.json
e3_s2add_mainview20k_r2_005000,210,semantic_disabled,video,0.10272789363350188,0.0,0.0,0.0,/data/users/junjie/workspace/hpc3_jhe724/outputs/research_q35/e3_s2add_mainview20k_r2_005000/summary.json
e3_s2add_mainview20k_r2_005000,210,semantic_disabled,video_main,0.04287345115804956,0.0,0.0,0.0,/data/users/junjie/workspace/hpc3_jhe724/outputs/research_q35/e3_s2add_mainview20k_r2_005000/summary.json
e3_s2add_mainview20k_r2_005000,210,semantic_disabled,video_motion,0.28625629409438086,0.0,0.0,0.0,/data/users/junjie/workspace/hpc3_jhe724/outputs/research_q35/e3_s2add_mainview20k_r2_005000/summary.json
e3_s2add_mainview20k_r2_005000,210,semantic_disabled,video_motion_main,0.26350167996826623,0.0,0.0,0.0,/data/users/junjie/workspace/hpc3_jhe724/outputs/research_q35/e3_s2add_mainview20k_r2_005000/summary.json
e3_s2add_mainview20k_r2_005000,210,semantic_disabled,video_motion_wrist,0.30901090850432716,0.0,0.0,0.0,/data/users/junjie/workspace/hpc3_jhe724/outputs/research_q35/e3_s2add_mainview20k_r2_005000/summary.json
e3_s2add_mainview20k_r2_005000,210,semantic_disabled,video_wrist,0.1625823357896436,0.0,0.0,0.0,/data/users/junjie/workspace/hpc3_jhe724/outputs/research_q35/e3_s2add_mainview20k_r2_005000/summary.json
e3_s2add_mainview20k_r2_005000,210,teacher_wrist_masked,action_0_1,0.3869217875546643,-0.11989983356602135,0.015779852161659867,0.7761904761904762,/data/users/junjie/workspace/hpc3_jhe724/outputs/research_q35/e3_s2add_mainview20k_r2_005000/summary.json
e3_s2add_mainview20k_r2_005000,210,teacher_wrist_masked,action_1_9,0.2526160989932361,-0.11797541575949816,0.01270787534142546,0.8476190476190476,/data/users/junjie/workspace/hpc3_jhe724/outputs/research_q35/e3_s2add_mainview20k_r2_005000/summary.json
e3_s2add_mainview20k_r2_005000,210,teacher_wrist_masked,action_25_36,0.24500728151095766,-0.12929470394516274,0.01192906586858075,0.8952380952380953,/data/users/junjie/workspace/hpc3_jhe724/outputs/research_q35/e3_s2add_mainview20k_r2_005000/summary.json
e3_s2add_mainview20k_r2_005000,210,teacher_wrist_masked,action_9_25,0.231638013802114,-0.0970760553365662,0.009583587646210838,0.8904761904761904,/data/users/junjie/workspace/hpc3_jhe724/outputs/research_q35/e3_s2add_mainview20k_r2_005000/summary.json
e3_s2add_mainview20k_r2_005000,210,teacher_wrist_masked,action_all,0.2446982998933111,-0.11219894421242532,0.008002740699084377,0.9238095238095239,/data/users/junjie/workspace/hpc3_jhe724/outputs/research_q35/e3_s2add_mainview20k_r2_005000/summary.json
e3_s2add_mainview20k_r2_005000,210,teacher_wrist_masked,motion_fraction,0.2308943937222163,0.0,0.0,0.0,/data/users/junjie/workspace/hpc3_jhe724/outputs/research_q35/e3_s2add_mainview20k_r2_005000/summary.json
e3_s2add_mainview20k_r2_005000,210,teacher_wrist_masked,semantic_ratio,0.03603777180143941,0.03603777180143941,0.00018092233084669908,0.0,/data/users/junjie/workspace/hpc3_jhe724/outputs/research_q35/e3_s2add_mainview20k_r2_005000/summary.json
e3_s2add_mainview20k_r2_005000,210,teacher_wrist_masked,video,0.10226032386223476,-0.0004675697712671189,0.00028167158267828983,0.5238095238095238,/data/users/junjie/workspace/hpc3_jhe724/outputs/research_q35/e3_s2add_mainview20k_r2_005000/summary.json
e3_s2add_mainview20k_r2_005000,210,teacher_wrist_masked,video_main,0.04249509781199907,-0.00037835334605049517,0.00020062226468829094,0.5190476190476191,/data/users/junjie/workspace/hpc3_jhe724/outputs/research_q35/e3_s2add_mainview20k_r2_005000/summary.json
e3_s2add_mainview20k_r2_005000,210,teacher_wrist_masked,video_motion,0.28326259347654525,-0.0029937006178356353,0.001053358405279565,0.5714285714285714,/data/users/junjie/workspace/hpc3_jhe724/outputs/research_q35/e3_s2add_mainview20k_r2_005000/summary.json
e3_s2add_mainview20k_r2_005000,210,teacher_wrist_masked,video_motion_main,0.25874013244396166,-0.004761547524304617,0.0014758835811416336,0.6,/data/users/junjie/workspace/hpc3_jhe724/outputs/research_q35/e3_s2add_mainview20k_r2_005000/summary.json
e3_s2add_mainview20k_r2_005000,210,teacher_wrist_masked,video_motion_wrist,0.30778505372859183,-0.0012258547757353102,0.0011297479015973451,0.5047619047619047,/data/users/junjie/workspace/hpc3_jhe724/outputs/research_q35/e3_s2add_mainview20k_r2_005000/summary.json
e3_s2add_mainview20k_r2_005000,210,teacher_wrist_masked,video_wrist,0.1620255497505977,-0.0005567860390458788,0.0004875705823390074,0.5047619047619047,/data/users/junjie/workspace/hpc3_jhe724/outputs/research_q35/e3_s2add_mainview20k_r2_005000/summary.json
e3_s2add_mainview20k_r2_005000,210,teacher_main_masked,action_0_1,0.5068216211206856,0.0,0.0,0.0,/data/users/junjie/workspace/hpc3_jhe724/outputs/research_q35/e3_s2add_mainview20k_r2_005000/summary.json
e3_s2add_mainview20k_r2_005000,210,teacher_main_masked,action_1_9,0.3705915147527343,0.0,0.0,0.0,/data/users/junjie/workspace/hpc3_jhe724/outputs/research_q35/e3_s2add_mainview20k_r2_005000/summary.json
e3_s2add_mainview20k_r2_005000,210,teacher_main_masked,action_25_36,0.3743019854561204,0.0,0.0,0.0,/data/users/junjie/workspace/hpc3_jhe724/outputs/research_q35/e3_s2add_mainview20k_r2_005000/summary.json
e3_s2add_mainview20k_r2_005000,210,teacher_main_masked,action_9_25,0.3287140691386802,0.0,0.0,0.0,/data/users/junjie/workspace/hpc3_jhe724/outputs/research_q35/e3_s2add_mainview20k_r2_005000/summary.json
e3_s2add_mainview20k_r2_005000,210,teacher_main_masked,action_all,0.3568972441057364,0.0,0.0,0.0,/data/users/junjie/workspace/hpc3_jhe724/outputs/research_q35/e3_s2add_mainview20k_r2_005000/summary.json
e3_s2add_mainview20k_r2_005000,210,teacher_main_masked,motion_fraction,0.2308943937222163,0.0,0.0,0.0,/data/users/junjie/workspace/hpc3_jhe724/outputs/research_q35/e3_s2add_mainview20k_r2_005000/summary.json
e3_s2add_mainview20k_r2_005000,210,teacher_main_masked,semantic_ratio,0.0,0.0,0.0,0.0,/data/users/junjie/workspace/hpc3_jhe724/outputs/research_q35/e3_s2add_mainview20k_r2_005000/summary.json
e3_s2add_mainview20k_r2_005000,210,teacher_main_masked,video,0.10272789363350188,0.0,0.0,0.0,/data/users/junjie/workspace/hpc3_jhe724/outputs/research_q35/e3_s2add_mainview20k_r2_005000/summary.json
e3_s2add_mainview20k_r2_005000,210,teacher_main_masked,video_main,0.04287345115804956,0.0,0.0,0.0,/data/users/junjie/workspace/hpc3_jhe724/outputs/research_q35/e3_s2add_mainview20k_r2_005000/summary.json
e3_s2add_mainview20k_r2_005000,210,teacher_main_masked,video_motion,0.28625629409438086,0.0,0.0,0.0,/data/users/junjie/workspace/hpc3_jhe724/outputs/research_q35/e3_s2add_mainview20k_r2_005000/summary.json
e3_s2add_mainview20k_r2_005000,210,teacher_main_masked,video_motion_main,0.26350167996826623,0.0,0.0,0.0,/data/users/junjie/workspace/hpc3_jhe724/outputs/research_q35/e3_s2add_mainview20k_r2_005000/summary.json
e3_s2add_mainview20k_r2_005000,210,teacher_main_masked,video_motion_wrist,0.30901090850432716,0.0,0.0,0.0,/data/users/junjie/workspace/hpc3_jhe724/outputs/research_q35/e3_s2add_mainview20k_r2_005000/summary.json
e3_s2add_mainview20k_r2_005000,210,teacher_main_masked,video_wrist,0.1625823357896436,0.0,0.0,0.0,/data/users/junjie/workspace/hpc3_jhe724/outputs/research_q35/e3_s2add_mainview20k_r2_005000/summary.json
e3_s2add_mainview20k_r2_010000,210,teacher,action_0_1,0.03562942221705314,-0.024931942434826247,0.004559981038774435,0.8047619047619048,/data/users/junjie/workspace/hpc3_jhe724/outputs/research_q35/e3_s2add_mainview20k_r2_010000/summary.json
e3_s2add_mainview20k_r2_010000,210,teacher,action_1_9,0.025792209699838645,-0.018615225276776722,0.0020567144551288615,0.8714285714285714,/data/users/junjie/workspace/hpc3_jhe724/outputs/research_q35/e3_s2add_mainview20k_r2_010000/summary.json
e3_s2add_mainview20k_r2_010000,210,teacher,action_25_36,0.028938168554478103,-0.017178077792881854,0.0022158773313699725,0.9,/data/users/junjie/workspace/hpc3_jhe724/outputs/research_q35/e3_s2add_mainview20k_r2_010000/summary.json
e3_s2add_mainview20k_r2_010000,210,teacher,action_9_25,0.02848653852651339,-0.019113407150975297,0.0027353433926952373,0.9095238095238095,/data/users/junjie/workspace/hpc3_jhe724/outputs/research_q35/e3_s2add_mainview20k_r2_010000/summary.json
e3_s2add_mainview20k_r2_010000,210,teacher,action_all,0.02822421011514962,-0.018572975514412282,0.0018064788200900703,0.9333333333333333,/data/users/junjie/workspace/hpc3_jhe724/outputs/research_q35/e3_s2add_mainview20k_r2_010000/summary.json
e3_s2add_mainview20k_r2_010000,210,teacher,motion_fraction,0.2308943937222163,0.0,0.0,0.0,/data/users/junjie/workspace/hpc3_jhe724/outputs/research_q35/e3_s2add_mainview20k_r2_010000/summary.json
e3_s2add_mainview20k_r2_010000,210,teacher,semantic_ratio,0.034249696420600134,0.034249696420600134,0.00011849547290834082,0.0,/data/users/junjie/workspace/hpc3_jhe724/outputs/research_q35/e3_s2add_mainview20k_r2_010000/summary.json
e3_s2add_mainview20k_r2_010000,210,teacher,video,0.1009386478080636,-0.0003785914874502591,0.00019989540616119664,0.5142857142857142,/data/users/junjie/workspace/hpc3_jhe724/outputs/research_q35/e3_s2add_mainview20k_r2_010000/summary.json
e3_s2add_mainview20k_r2_010000,210,teacher,video_main,0.041935782613498826,-8.453061981570154e-05,0.00018975254877584387,0.44285714285714284,/data/users/junjie/workspace/hpc3_jhe724/outputs/research_q35/e3_s2add_mainview20k_r2_010000/summary.json
e3_s2add_mainview20k_r2_010000,210,teacher,video_motion,0.27852130709659484,-0.00182402470991725,0.0008348958620065004,0.5285714285714286,/data/users/junjie/workspace/hpc3_jhe724/outputs/research_q35/e3_s2add_mainview20k_r2_010000/summary.json
e3_s2add_mainview20k_r2_010000,210,teacher,video_motion_main,0.25434873842057726,-0.0016292220779827663,0.0012500387091020216,0.48095238095238096,/data/users/junjie/workspace/hpc3_jhe724/outputs/research_q35/e3_s2add_mainview20k_r2_010000/summary.json
e3_s2add_mainview20k_r2_010000,210,teacher,video_motion_wrist,0.3026938761983599,-0.0020188278740360622,0.0007505978664010613,0.5238095238095238,/data/users/junjie/workspace/hpc3_jhe724/outputs/research_q35/e3_s2add_mainview20k_r2_010000/summary.json
e3_s2add_mainview20k_r2_010000,210,teacher,video_wrist,0.15994151301149812,-0.0006726529183132308,0.0003097305939026955,0.5095238095238095,/data/users/junjie/workspace/hpc3_jhe724/outputs/research_q35/e3_s2add_mainview20k_r2_010000/summary.json
e3_s2add_mainview20k_r2_010000,210,semantic_disabled,action_0_1,0.06056136465187938,0.0,0.0,0.0,/data/users/junjie/workspace/hpc3_jhe724/outputs/research_q35/e3_s2add_mainview20k_r2_010000/summary.json
e3_s2add_mainview20k_r2_010000,210,semantic_disabled,action_1_9,0.04440743497661537,0.0,0.0,0.0,/data/users/junjie/workspace/hpc3_jhe724/outputs/research_q35/e3_s2add_mainview20k_r2_010000/summary.json
e3_s2add_mainview20k_r2_010000,210,semantic_disabled,action_25_36,0.04611624634735996,0.0,0.0,0.0,/data/users/junjie/workspace/hpc3_jhe724/outputs/research_q35/e3_s2add_mainview20k_r2_010000/summary.json
e3_s2add_mainview20k_r2_010000,210,semantic_disabled,action_9_25,0.04759994567748869,0.0,0.0,0.0,/data/users/junjie/workspace/hpc3_jhe724/outputs/research_q35/e3_s2add_mainview20k_r2_010000/summary.json
e3_s2add_mainview20k_r2_010000,210,semantic_disabled,action_all,0.0467971856295619,0.0,0.0,0.0,/data/users/junjie/workspace/hpc3_jhe724/outputs/research_q35/e3_s2add_mainview20k_r2_010000/summary.json
e3_s2add_mainview20k_r2_010000,210,semantic_disabled,motion_fraction,0.2308943937222163,0.0,0.0,0.0,/data/users/junjie/workspace/hpc3_jhe724/outputs/research_q35/e3_s2add_mainview20k_r2_010000/summary.json
e3_s2add_mainview20k_r2_010000,210,semantic_disabled,semantic_ratio,0.0,0.0,0.0,0.0,/data/users/junjie/workspace/hpc3_jhe724/outputs/research_q35/e3_s2add_mainview20k_r2_010000/summary.json
e3_s2add_mainview20k_r2_010000,210,semantic_disabled,video,0.10131723929551385,0.0,0.0,0.0,/data/users/junjie/workspace/hpc3_jhe724/outputs/research_q35/e3_s2add_mainview20k_r2_010000/summary.json
e3_s2add_mainview20k_r2_010000,210,semantic_disabled,video_main,0.042020313233314524,0.0,0.0,0.0,/data/users/junjie/workspace/hpc3_jhe724/outputs/research_q35/e3_s2add_mainview20k_r2_010000/summary.json
e3_s2add_mainview20k_r2_010000,210,semantic_disabled,video_motion,0.2803453318065121,0.0,0.0,0.0,/data/users/junjie/workspace/hpc3_jhe724/outputs/research_q35/e3_s2add_mainview20k_r2_010000/summary.json
e3_s2add_mainview20k_r2_010000,210,semantic_disabled,video_motion_main,0.25597796049856003,0.0,0.0,0.0,/data/users/junjie/workspace/hpc3_jhe724/outputs/research_q35/e3_s2add_mainview20k_r2_010000/summary.json
e3_s2add_mainview20k_r2_010000,210,semantic_disabled,video_motion_wrist,0.304712704072396,0.0,0.0,0.0,/data/users/junjie/workspace/hpc3_jhe724/outputs/research_q35/e3_s2add_mainview20k_r2_010000/summary.json
e3_s2add_mainview20k_r2_010000,210,semantic_disabled,video_wrist,0.16061416592981134,0.0,0.0,0.0,/data/users/junjie/workspace/hpc3_jhe724/outputs/research_q35/e3_s2add_mainview20k_r2_010000/summary.json
e3_s2add_mainview20k_r2_010000,210,teacher_wrist_masked,action_0_1,0.03562942221705314,-0.024931942434826247,0.004559981038774435,0.8047619047619048,/data/users/junjie/workspace/hpc3_jhe724/outputs/research_q35/e3_s2add_mainview20k_r2_010000/summary.json
e3_s2add_mainview20k_r2_010000,210,teacher_wrist_masked,action_1_9,0.025792209699838645,-0.018615225276776722,0.0020567144551288615,0.8714285714285714,/data/users/junjie/workspace/hpc3_jhe724/outputs/research_q35/e3_s2add_mainview20k_r2_010000/summary.json
e3_s2add_mainview20k_r2_010000,210,teacher_wrist_masked,action_25_36,0.028938168554478103,-0.017178077792881854,0.0022158773313699725,0.9,/data/users/junjie/workspace/hpc3_jhe724/outputs/research_q35/e3_s2add_mainview20k_r2_010000/summary.json
e3_s2add_mainview20k_r2_010000,210,teacher_wrist_masked,action_9_25,0.02848653852651339,-0.019113407150975297,0.0027353433926952373,0.9095238095238095,/data/users/junjie/workspace/hpc3_jhe724/outputs/research_q35/e3_s2add_mainview20k_r2_010000/summary.json
e3_s2add_mainview20k_r2_010000,210,teacher_wrist_masked,action_all,0.02822421011514962,-0.018572975514412282,0.0018064788200900703,0.9333333333333333,/data/users/junjie/workspace/hpc3_jhe724/outputs/research_q35/e3_s2add_mainview20k_r2_010000/summary.json
e3_s2add_mainview20k_r2_010000,210,teacher_wrist_masked,motion_fraction,0.2308943937222163,0.0,0.0,0.0,/data/users/junjie/workspace/hpc3_jhe724/outputs/research_q35/e3_s2add_mainview20k_r2_010000/summary.json
e3_s2add_mainview20k_r2_010000,210,teacher_wrist_masked,semantic_ratio,0.034249696420600134,0.034249696420600134,0.00011849547290834082,0.0,/data/users/junjie/workspace/hpc3_jhe724/outputs/research_q35/e3_s2add_mainview20k_r2_010000/summary.json
e3_s2add_mainview20k_r2_010000,210,teacher_wrist_masked,video,0.1009386478080636,-0.0003785914874502591,0.00019989540616119664,0.5142857142857142,/data/users/junjie/workspace/hpc3_jhe724/outputs/research_q35/e3_s2add_mainview20k_r2_010000/summary.json
e3_s2add_mainview20k_r2_010000,210,teacher_wrist_masked,video_main,0.041935782613498826,-8.453061981570154e-05,0.00018975254877584387,0.44285714285714284,/data/users/junjie/workspace/hpc3_jhe724/outputs/research_q35/e3_s2add_mainview20k_r2_010000/summary.json
e3_s2add_mainview20k_r2_010000,210,teacher_wrist_masked,video_motion,0.27852130709659484,-0.00182402470991725,0.0008348958620065004,0.5285714285714286,/data/users/junjie/workspace/hpc3_jhe724/outputs/research_q35/e3_s2add_mainview20k_r2_010000/summary.json
e3_s2add_mainview20k_r2_010000,210,teacher_wrist_masked,video_motion_main,0.25434873842057726,-0.0016292220779827663,0.0012500387091020216,0.48095238095238096,/data/users/junjie/workspace/hpc3_jhe724/outputs/research_q35/e3_s2add_mainview20k_r2_010000/summary.json
e3_s2add_mainview20k_r2_010000,210,teacher_wrist_masked,video_motion_wrist,0.3026938761983599,-0.0020188278740360622,0.0007505978664010613,0.5238095238095238,/data/users/junjie/workspace/hpc3_jhe724/outputs/research_q35/e3_s2add_mainview20k_r2_010000/summary.json
e3_s2add_mainview20k_r2_010000,210,teacher_wrist_masked,video_wrist,0.15994151301149812,-0.0006726529183132308,0.0003097305939026955,0.5095238095238095,/data/users/junjie/workspace/hpc3_jhe724/outputs/research_q35/e3_s2add_mainview20k_r2_010000/summary.json
e3_s2add_mainview20k_r2_010000,210,teacher_main_masked,action_0_1,0.06056136465187938,0.0,0.0,0.0,/data/users/junjie/workspace/hpc3_jhe724/outputs/research_q35/e3_s2add_mainview20k_r2_010000/summary.json
e3_s2add_mainview20k_r2_010000,210,teacher_main_masked,action_1_9,0.04440743497661537,0.0,0.0,0.0,/data/users/junjie/workspace/hpc3_jhe724/outputs/research_q35/e3_s2add_mainview20k_r2_010000/summary.json
e3_s2add_mainview20k_r2_010000,210,teacher_main_masked,action_25_36,0.04611624634735996,0.0,0.0,0.0,/data/users/junjie/workspace/hpc3_jhe724/outputs/research_q35/e3_s2add_mainview20k_r2_010000/summary.json
e3_s2add_mainview20k_r2_010000,210,teacher_main_masked,action_9_25,0.04759994567748869,0.0,0.0,0.0,/data/users/junjie/workspace/hpc3_jhe724/outputs/research_q35/e3_s2add_mainview20k_r2_010000/summary.json
e3_s2add_mainview20k_r2_010000,210,teacher_main_masked,action_all,0.0467971856295619,0.0,0.0,0.0,/data/users/junjie/workspace/hpc3_jhe724/outputs/research_q35/e3_s2add_mainview20k_r2_010000/summary.json
e3_s2add_mainview20k_r2_010000,210,teacher_main_masked,motion_fraction,0.2308943937222163,0.0,0.0,0.0,/data/users/junjie/workspace/hpc3_jhe724/outputs/research_q35/e3_s2add_mainview20k_r2_010000/summary.json
e3_s2add_mainview20k_r2_010000,210,teacher_main_masked,semantic_ratio,0.0,0.0,0.0,0.0,/data/users/junjie/workspace/hpc3_jhe724/outputs/research_q35/e3_s2add_mainview20k_r2_010000/summary.json
e3_s2add_mainview20k_r2_010000,210,teacher_main_masked,video,0.10131723929551385,0.0,0.0,0.0,/data/users/junjie/workspace/hpc3_jhe724/outputs/research_q35/e3_s2add_mainview20k_r2_010000/summary.json
e3_s2add_mainview20k_r2_010000,210,teacher_main_masked,video_main,0.042020313233314524,0.0,0.0,0.0,/data/users/junjie/workspace/hpc3_jhe724/outputs/research_q35/e3_s2add_mainview20k_r2_010000/summary.json
e3_s2add_mainview20k_r2_010000,210,teacher_main_masked,video_motion,0.2803453318065121,0.0,0.0,0.0,/data/users/junjie/workspace/hpc3_jhe724/outputs/research_q35/e3_s2add_mainview20k_r2_010000/summary.json
e3_s2add_mainview20k_r2_010000,210,teacher_main_masked,video_motion_main,0.25597796049856003,0.0,0.0,0.0,/data/users/junjie/workspace/hpc3_jhe724/outputs/research_q35/e3_s2add_mainview20k_r2_010000/summary.json
e3_s2add_mainview20k_r2_010000,210,teacher_main_masked,video_motion_wrist,0.304712704072396,0.0,0.0,0.0,/data/users/junjie/workspace/hpc3_jhe724/outputs/research_q35/e3_s2add_mainview20k_r2_010000/summary.json
e3_s2add_mainview20k_r2_010000,210,teacher_main_masked,video_wrist,0.16061416592981134,0.0,0.0,0.0,/data/users/junjie/workspace/hpc3_jhe724/outputs/research_q35/e3_s2add_mainview20k_r2_010000/summary.json
e3_s2add_mainview20k_r2_015000,210,teacher,action_0_1,0.010262451022641644,-0.013025828785196479,0.001596346889547654,0.8428571428571429,/data/users/junjie/workspace/hpc3_jhe724/outputs/research_q35/e3_s2add_mainview20k_r2_015000/summary.json
e3_s2add_mainview20k_r2_015000,210,teacher,action_1_9,0.009166789601884029,-0.01036113644465028,0.0011991149970347484,0.9238095238095239,/data/users/junjie/workspace/hpc3_jhe724/outputs/research_q35/e3_s2add_mainview20k_r2_015000/summary.json
e3_s2add_mainview20k_r2_015000,210,teacher,action_25_36,0.009733869576649297,-0.009949496542547075,0.0012309976568021907,0.9428571428571428,/data/users/junjie/workspace/hpc3_jhe724/outputs/research_q35/e3_s2add_mainview20k_r2_015000/summary.json
e3_s2add_mainview20k_r2_015000,210,teacher,action_9_25,0.010221518763656994,-0.009354046493120093,0.001168325112309143,0.9380952380952381,/data/users/junjie/workspace/hpc3_jhe724/outputs/research_q35/e3_s2add_mainview20k_r2_015000/summary.json
e3_s2add_mainview20k_r2_015000,210,teacher,action_all,0.009839267618787874,-0.00986178103318837,0.0008798404569268575,0.9809523809523809,/data/users/junjie/workspace/hpc3_jhe724/outputs/research_q35/e3_s2add_mainview20k_r2_015000/summary.json
e3_s2add_mainview20k_r2_015000,210,teacher,motion_fraction,0.2308943937222163,0.0,0.0,0.0,/data/users/junjie/workspace/hpc3_jhe724/outputs/research_q35/e3_s2add_mainview20k_r2_015000/summary.json
e3_s2add_mainview20k_r2_015000,210,teacher,semantic_ratio,0.0332367296954064,0.0332367296954064,0.00010707544683691625,0.0,/data/users/junjie/workspace/hpc3_jhe724/outputs/research_q35/e3_s2add_mainview20k_r2_015000/summary.json
e3_s2add_mainview20k_r2_015000,210,teacher,video,0.10044785408037049,-0.0004433917147772653,0.00019863815288783475,0.5666666666666667,/data/users/junjie/workspace/hpc3_jhe724/outputs/research_q35/e3_s2add_mainview20k_r2_015000/summary.json
e3_s2add_mainview20k_r2_015000,210,teacher,video_main,0.04156448319110842,-0.00021775473308350359,0.0001469430821324314,0.5476190476190477,/data/users/junjie/workspace/hpc3_jhe724/outputs/research_q35/e3_s2add_mainview20k_r2_015000/summary.json
e3_s2add_mainview20k_r2_015000,210,teacher,video_motion,0.2761183587213357,-0.002210950886919385,0.0006799146797498605,0.5761904761904761,/data/users/junjie/workspace/hpc3_jhe724/outputs/research_q35/e3_s2add_mainview20k_r2_015000/summary.json
e3_s2add_mainview20k_r2_015000,210,teacher,video_motion_main,0.25198480089505515,-0.00206907189318112,0.0009518780270905547,0.5380952380952381,/data/users/junjie/workspace/hpc3_jhe724/outputs/research_q35/e3_s2add_mainview20k_r2_015000/summary.json
e3_s2add_mainview20k_r2_015000,210,teacher,video_motion_wrist,0.3002519149865423,-0.002352832044873919,0.0006735340851094031,0.5714285714285714,/data/users/junjie/workspace/hpc3_jhe724/outputs/research_q35/e3_s2add_mainview20k_r2_015000/summary.json
e3_s2add_mainview20k_r2_015000,210,teacher,video_wrist,0.15933122464588712,-0.0006690287696463721,0.00031833915344785984,0.5571428571428572,/data/users/junjie/workspace/hpc3_jhe724/outputs/research_q35/e3_s2add_mainview20k_r2_015000/summary.json
e3_s2add_mainview20k_r2_015000,210,semantic_disabled,action_0_1,0.023288279807838125,0.0,0.0,0.0,/data/users/junjie/workspace/hpc3_jhe724/outputs/research_q35/e3_s2add_mainview20k_r2_015000/summary.json
e3_s2add_mainview20k_r2_015000,210,semantic_disabled,action_1_9,0.01952792604653431,0.0,0.0,0.0,/data/users/junjie/workspace/hpc3_jhe724/outputs/research_q35/e3_s2add_mainview20k_r2_015000/summary.json
e3_s2add_mainview20k_r2_015000,210,semantic_disabled,action_25_36,0.019683366119196372,0.0,0.0,0.0,/data/users/junjie/workspace/hpc3_jhe724/outputs/research_q35/e3_s2add_mainview20k_r2_015000/summary.json
e3_s2add_mainview20k_r2_015000,210,semantic_disabled,action_9_25,0.019575565256777085,0.0,0.0,0.0,/data/users/junjie/workspace/hpc3_jhe724/outputs/research_q35/e3_s2add_mainview20k_r2_015000/summary.json
e3_s2add_mainview20k_r2_015000,210,semantic_disabled,action_all,0.019701048651976246,0.0,0.0,0.0,/data/users/junjie/workspace/hpc3_jhe724/outputs/research_q35/e3_s2add_mainview20k_r2_015000/summary.json
e3_s2add_mainview20k_r2_015000,210,semantic_disabled,motion_fraction,0.2308943937222163,0.0,0.0,0.0,/data/users/junjie/workspace/hpc3_jhe724/outputs/research_q35/e3_s2add_mainview20k_r2_015000/summary.json
e3_s2add_mainview20k_r2_015000,210,semantic_disabled,semantic_ratio,0.0,0.0,0.0,0.0,/data/users/junjie/workspace/hpc3_jhe724/outputs/research_q35/e3_s2add_mainview20k_r2_015000/summary.json
e3_s2add_mainview20k_r2_015000,210,semantic_disabled,video,0.10089124579514776,0.0,0.0,0.0,/data/users/junjie/workspace/hpc3_jhe724/outputs/research_q35/e3_s2add_mainview20k_r2_015000/summary.json
e3_s2add_mainview20k_r2_015000,210,semantic_disabled,video_main,0.041782237924191924,0.0,0.0,0.0,/data/users/junjie/workspace/hpc3_jhe724/outputs/research_q35/e3_s2add_mainview20k_r2_015000/summary.json
e3_s2add_mainview20k_r2_015000,210,semantic_disabled,video_motion,0.27832930960825514,0.0,0.0,0.0,/data/users/junjie/workspace/hpc3_jhe724/outputs/research_q35/e3_s2add_mainview20k_r2_015000/summary.json
e3_s2add_mainview20k_r2_015000,210,semantic_disabled,video_motion_main,0.25405387278823627,0.0,0.0,0.0,/data/users/junjie/workspace/hpc3_jhe724/outputs/research_q35/e3_s2add_mainview20k_r2_015000/summary.json
e3_s2add_mainview20k_r2_015000,210,semantic_disabled,video_motion_wrist,0.3026047470314162,0.0,0.0,0.0,/data/users/junjie/workspace/hpc3_jhe724/outputs/research_q35/e3_s2add_mainview20k_r2_015000/summary.json
e3_s2add_mainview20k_r2_015000,210,semantic_disabled,video_wrist,0.16000025341553348,0.0,0.0,0.0,/data/users/junjie/workspace/hpc3_jhe724/outputs/research_q35/e3_s2add_mainview20k_r2_015000/summary.json
e3_s2add_mainview20k_r2_015000,210,teacher_wrist_masked,action_0_1,0.010262451022641644,-0.013025828785196479,0.001596346889547654,0.8428571428571429,/data/users/junjie/workspace/hpc3_jhe724/outputs/research_q35/e3_s2add_mainview20k_r2_015000/summary.json
e3_s2add_mainview20k_r2_015000,210,teacher_wrist_masked,action_1_9,0.009166789601884029,-0.01036113644465028,0.0011991149970347484,0.9238095238095239,/data/users/junjie/workspace/hpc3_jhe724/outputs/research_q35/e3_s2add_mainview20k_r2_015000/summary.json
e3_s2add_mainview20k_r2_015000,210,teacher_wrist_masked,action_25_36,0.009733869576649297,-0.009949496542547075,0.0012309976568021907,0.9428571428571428,/data/users/junjie/workspace/hpc3_jhe724/outputs/research_q35/e3_s2add_mainview20k_r2_015000/summary.json
e3_s2add_mainview20k_r2_015000,210,teacher_wrist_masked,action_9_25,0.010221518763656994,-0.009354046493120093,0.001168325112309143,0.9380952380952381,/data/users/junjie/workspace/hpc3_jhe724/outputs/research_q35/e3_s2add_mainview20k_r2_015000/summary.json
e3_s2add_mainview20k_r2_015000,210,teacher_wrist_masked,action_all,0.009839267618787874,-0.00986178103318837,0.0008798404569268575,0.9809523809523809,/data/users/junjie/workspace/hpc3_jhe724/outputs/research_q35/e3_s2add_mainview20k_r2_015000/summary.json
e3_s2add_mainview20k_r2_015000,210,teacher_wrist_masked,motion_fraction,0.2308943937222163,0.0,0.0,0.0,/data/users/junjie/workspace/hpc3_jhe724/outputs/research_q35/e3_s2add_mainview20k_r2_015000/summary.json
e3_s2add_mainview20k_r2_015000,210,teacher_wrist_masked,semantic_ratio,0.0332367296954064,0.0332367296954064,0.00010707544683691625,0.0,/data/users/junjie/workspace/hpc3_jhe724/outputs/research_q35/e3_s2add_mainview20k_r2_015000/summary.json
e3_s2add_mainview20k_r2_015000,210,teacher_wrist_masked,video,0.10044785408037049,-0.0004433917147772653,0.00019863815288783475,0.5666666666666667,/data/users/junjie/workspace/hpc3_jhe724/outputs/research_q35/e3_s2add_mainview20k_r2_015000/summary.json
e3_s2add_mainview20k_r2_015000,210,teacher_wrist_masked,video_main,0.04156448319110842,-0.00021775473308350359,0.0001469430821324314,0.5476190476190477,/data/users/junjie/workspace/hpc3_jhe724/outputs/research_q35/e3_s2add_mainview20k_r2_015000/summary.json
e3_s2add_mainview20k_r2_015000,210,teacher_wrist_masked,video_motion,0.2761183587213357,-0.002210950886919385,0.0006799146797498605,0.5761904761904761,/data/users/junjie/workspace/hpc3_jhe724/outputs/research_q35/e3_s2add_mainview20k_r2_015000/summary.json
e3_s2add_mainview20k_r2_015000,210,teacher_wrist_masked,video_motion_main,0.25198480089505515,-0.00206907189318112,0.0009518780270905547,0.5380952380952381,/data/users/junjie/workspace/hpc3_jhe724/outputs/research_q35/e3_s2add_mainview20k_r2_015000/summary.json
e3_s2add_mainview20k_r2_015000,210,teacher_wrist_masked,video_motion_wrist,0.3002519149865423,-0.002352832044873919,0.0006735340851094031,0.5714285714285714,/data/users/junjie/workspace/hpc3_jhe724/outputs/research_q35/e3_s2add_mainview20k_r2_015000/summary.json
e3_s2add_mainview20k_r2_015000,210,teacher_wrist_masked,video_wrist,0.15933122464588712,-0.0006690287696463721,0.00031833915344785984,0.5571428571428572,/data/users/junjie/workspace/hpc3_jhe724/outputs/research_q35/e3_s2add_mainview20k_r2_015000/summary.json
e3_s2add_mainview20k_r2_015000,210,teacher_main_masked,action_0_1,0.023288279807838125,0.0,0.0,0.0,/data/users/junjie/workspace/hpc3_jhe724/outputs/research_q35/e3_s2add_mainview20k_r2_015000/summary.json
e3_s2add_mainview20k_r2_015000,210,teacher_main_masked,action_1_9,0.01952792604653431,0.0,0.0,0.0,/data/users/junjie/workspace/hpc3_jhe724/outputs/research_q35/e3_s2add_mainview20k_r2_015000/summary.json
e3_s2add_mainview20k_r2_015000,210,teacher_main_masked,action_25_36,0.019683366119196372,0.0,0.0,0.0,/data/users/junjie/workspace/hpc3_jhe724/outputs/research_q35/e3_s2add_mainview20k_r2_015000/summary.json
e3_s2add_mainview20k_r2_015000,210,teacher_main_masked,action_9_25,0.019575565256777085,0.0,0.0,0.0,/data/users/junjie/workspace/hpc3_jhe724/outputs/research_q35/e3_s2add_mainview20k_r2_015000/summary.json
e3_s2add_mainview20k_r2_015000,210,teacher_main_masked,action_all,0.019701048651976246,0.0,0.0,0.0,/data/users/junjie/workspace/hpc3_jhe724/outputs/research_q35/e3_s2add_mainview20k_r2_015000/summary.json
e3_s2add_mainview20k_r2_015000,210,teacher_main_masked,motion_fraction,0.2308943937222163,0.0,0.0,0.0,/data/users/junjie/workspace/hpc3_jhe724/outputs/research_q35/e3_s2add_mainview20k_r2_015000/summary.json
e3_s2add_mainview20k_r2_015000,210,teacher_main_masked,semantic_ratio,0.0,0.0,0.0,0.0,/data/users/junjie/workspace/hpc3_jhe724/outputs/research_q35/e3_s2add_mainview20k_r2_015000/summary.json
e3_s2add_mainview20k_r2_015000,210,teacher_main_masked,video,0.10089124579514776,0.0,0.0,0.0,/data/users/junjie/workspace/hpc3_jhe724/outputs/research_q35/e3_s2add_mainview20k_r2_015000/summary.json
e3_s2add_mainview20k_r2_015000,210,teacher_main_masked,video_main,0.041782237924191924,0.0,0.0,0.0,/data/users/junjie/workspace/hpc3_jhe724/outputs/research_q35/e3_s2add_mainview20k_r2_015000/summary.json
e3_s2add_mainview20k_r2_015000,210,teacher_main_masked,video_motion,0.27832930960825514,0.0,0.0,0.0,/data/users/junjie/workspace/hpc3_jhe724/outputs/research_q35/e3_s2add_mainview20k_r2_015000/summary.json
e3_s2add_mainview20k_r2_015000,210,teacher_main_masked,video_motion_main,0.25405387278823627,0.0,0.0,0.0,/data/users/junjie/workspace/hpc3_jhe724/outputs/research_q35/e3_s2add_mainview20k_r2_015000/summary.json
e3_s2add_mainview20k_r2_015000,210,teacher_main_masked,video_motion_wrist,0.3026047470314162,0.0,0.0,0.0,/data/users/junjie/workspace/hpc3_jhe724/outputs/research_q35/e3_s2add_mainview20k_r2_015000/summary.json
e3_s2add_mainview20k_r2_015000,210,teacher_main_masked,video_wrist,0.16000025341553348,0.0,0.0,0.0,/data/users/junjie/workspace/hpc3_jhe724/outputs/research_q35/e3_s2add_mainview20k_r2_015000/summary.json
e3_s2add_mainview20k_r2_020000,210,teacher,action_0_1,0.006700234600741949,-0.011714711640628853,0.0012924610111315496,0.8904761904761904,/data/users/junjie/workspace/hpc3_jhe724/outputs/research_q35/e3_s2add_mainview20k_r2_020000/summary.json
e3_s2add_mainview20k_r2_020000,210,teacher,action_1_9,0.005287161570075634,-0.010551351750092138,0.00123046978999511,0.9571428571428572,/data/users/junjie/workspace/hpc3_jhe724/outputs/research_q35/e3_s2add_mainview20k_r2_020000/summary.json
e3_s2add_mainview20k_r2_020000,210,teacher,action_25_36,0.006371976764196353,-0.010174439770829243,0.0013220035287507658,0.9714285714285714,/data/users/junjie/workspace/hpc3_jhe724/outputs/research_q35/e3_s2add_mainview20k_r2_020000/summary.json
e3_s2add_mainview20k_r2_020000,210,teacher,action_9_25,0.006845006242621734,-0.00922911423854419,0.0011310022782047124,0.9857142857142858,/data/users/junjie/workspace/hpc3_jhe724/outputs/research_q35/e3_s2add_mainview20k_r2_020000/summary.json
e3_s2add_mainview20k_r2_020000,210,teacher,action_all,0.006350260278503854,-0.009880838649752106,0.0009333700719411757,0.9857142857142858,/data/users/junjie/workspace/hpc3_jhe724/outputs/research_q35/e3_s2add_mainview20k_r2_020000/summary.json
e3_s2add_mainview20k_r2_020000,210,teacher,motion_fraction,0.2308943937222163,0.0,0.0,0.0,/data/users/junjie/workspace/hpc3_jhe724/outputs/research_q35/e3_s2add_mainview20k_r2_020000/summary.json
e3_s2add_mainview20k_r2_020000,210,teacher,semantic_ratio,0.031778408455910206,0.031778408455910206,9.976352106541053e-05,0.0,/data/users/junjie/workspace/hpc3_jhe724/outputs/research_q35/e3_s2add_mainview20k_r2_020000/summary.json
e3_s2add_mainview20k_r2_020000,210,teacher,video,0.10039657634638605,-0.0003560540576775869,0.0002024767245952646,0.5,/data/users/junjie/workspace/hpc3_jhe724/outputs/research_q35/e3_s2add_mainview20k_r2_020000/summary.json
e3_s2add_mainview20k_r2_020000,210,teacher,video_main,0.04155381282214962,-0.00021424242738811742,0.00014849105861952037,0.5428571428571428,/data/users/junjie/workspace/hpc3_jhe724/outputs/research_q35/e3_s2add_mainview20k_r2_020000/summary.json
e3_s2add_mainview20k_r2_020000,210,teacher,video_motion,0.2758600155867281,-0.0021025835758163814,0.0006847714831179895,0.5380952380952381,/data/users/junjie/workspace/hpc3_jhe724/outputs/research_q35/e3_s2add_mainview20k_r2_020000/summary.json
e3_s2add_mainview20k_r2_020000,210,teacher,video_motion_main,0.2517654396770965,-0.0020410404496249697,0.0009360105931970196,0.5333333333333333,/data/users/junjie/workspace/hpc3_jhe724/outputs/research_q35/e3_s2add_mainview20k_r2_020000/summary.json
e3_s2add_mainview20k_r2_020000,210,teacher,video_motion_wrist,0.29995459115930967,-0.00216412657783145,0.0006839496080029321,0.5428571428571428,/data/users/junjie/workspace/hpc3_jhe724/outputs/research_q35/e3_s2add_mainview20k_r2_020000/summary.json
e3_s2add_mainview20k_r2_020000,210,teacher,video_wrist,0.15923934010345311,-0.0004978659518417858,0.00032173602309517116,0.5095238095238095,/data/users/junjie/workspace/hpc3_jhe724/outputs/research_q35/e3_s2add_mainview20k_r2_020000/summary.json
e3_s2add_mainview20k_r2_020000,210,semantic_disabled,action_0_1,0.0184149462413708,0.0,0.0,0.0,/data/users/junjie/workspace/hpc3_jhe724/outputs/research_q35/e3_s2add_mainview20k_r2_020000/summary.json
e3_s2add_mainview20k_r2_020000,210,semantic_disabled,action_1_9,0.01583851332016777,0.0,0.0,0.0,/data/users/junjie/workspace/hpc3_jhe724/outputs/research_q35/e3_s2add_mainview20k_r2_020000/summary.json
e3_s2add_mainview20k_r2_020000,210,semantic_disabled,action_25_36,0.016546416535025595,0.0,0.0,0.0,/data/users/junjie/workspace/hpc3_jhe724/outputs/research_q35/e3_s2add_mainview20k_r2_020000/summary.json
e3_s2add_mainview20k_r2_020000,210,semantic_disabled,action_9_25,0.016074120481165924,0.0,0.0,0.0,/data/users/junjie/workspace/hpc3_jhe724/outputs/research_q35/e3_s2add_mainview20k_r2_020000/summary.json
e3_s2add_mainview20k_r2_020000,210,semantic_disabled,action_all,0.01623109892825596,0.0,0.0,0.0,/data/users/junjie/workspace/hpc3_jhe724/outputs/research_q35/e3_s2add_mainview20k_r2_020000/summary.json
e3_s2add_mainview20k_r2_020000,210,semantic_disabled,motion_fraction,0.2308943937222163,0.0,0.0,0.0,/data/users/junjie/workspace/hpc3_jhe724/outputs/research_q35/e3_s2add_mainview20k_r2_020000/summary.json
e3_s2add_mainview20k_r2_020000,210,semantic_disabled,semantic_ratio,0.0,0.0,0.0,0.0,/data/users/junjie/workspace/hpc3_jhe724/outputs/research_q35/e3_s2add_mainview20k_r2_020000/summary.json
e3_s2add_mainview20k_r2_020000,210,semantic_disabled,video,0.10075263040406364,0.0,0.0,0.0,/data/users/junjie/workspace/hpc3_jhe724/outputs/research_q35/e3_s2add_mainview20k_r2_020000/summary.json
e3_s2add_mainview20k_r2_020000,210,semantic_disabled,video_main,0.04176805524953774,0.0,0.0,0.0,/data/users/junjie/workspace/hpc3_jhe724/outputs/research_q35/e3_s2add_mainview20k_r2_020000/summary.json
e3_s2add_mainview20k_r2_020000,210,semantic_disabled,video_motion,0.2779625991625445,0.0,0.0,0.0,/data/users/junjie/workspace/hpc3_jhe724/outputs/research_q35/e3_s2add_mainview20k_r2_020000/summary.json
e3_s2add_mainview20k_r2_020000,210,semantic_disabled,video_motion_main,0.2538064801267215,0.0,0.0,0.0,/data/users/junjie/workspace/hpc3_jhe724/outputs/research_q35/e3_s2add_mainview20k_r2_020000/summary.json
e3_s2add_mainview20k_r2_020000,210,semantic_disabled,video_motion_wrist,0.3021187177371411,0.0,0.0,0.0,/data/users/junjie/workspace/hpc3_jhe724/outputs/research_q35/e3_s2add_mainview20k_r2_020000/summary.json
e3_s2add_mainview20k_r2_020000,210,semantic_disabled,video_wrist,0.1597372060552949,0.0,0.0,0.0,/data/users/junjie/workspace/hpc3_jhe724/outputs/research_q35/e3_s2add_mainview20k_r2_020000/summary.json
e3_s2add_mainview20k_r2_020000,210,teacher_wrist_masked,action_0_1,0.006700234600741949,-0.011714711640628853,0.0012924610111315496,0.8904761904761904,/data/users/junjie/workspace/hpc3_jhe724/outputs/research_q35/e3_s2add_mainview20k_r2_020000/summary.json
e3_s2add_mainview20k_r2_020000,210,teacher_wrist_masked,action_1_9,0.005287161570075634,-0.010551351750092138,0.00123046978999511,0.9571428571428572,/data/users/junjie/workspace/hpc3_jhe724/outputs/research_q35/e3_s2add_mainview20k_r2_020000/summary.json
e3_s2add_mainview20k_r2_020000,210,teacher_wrist_masked,action_25_36,0.006371976764196353,-0.010174439770829243,0.0013220035287507658,0.9714285714285714,/data/users/junjie/workspace/hpc3_jhe724/outputs/research_q35/e3_s2add_mainview20k_r2_020000/summary.json
e3_s2add_mainview20k_r2_020000,210,teacher_wrist_masked,action_9_25,0.006845006242621734,-0.00922911423854419,0.0011310022782047124,0.9857142857142858,/data/users/junjie/workspace/hpc3_jhe724/outputs/research_q35/e3_s2add_mainview20k_r2_020000/summary.json
e3_s2add_mainview20k_r2_020000,210,teacher_wrist_masked,action_all,0.006350260278503854,-0.009880838649752106,0.0009333700719411757,0.9857142857142858,/data/users/junjie/workspace/hpc3_jhe724/outputs/research_q35/e3_s2add_mainview20k_r2_020000/summary.json
e3_s2add_mainview20k_r2_020000,210,teacher_wrist_masked,motion_fraction,0.2308943937222163,0.0,0.0,0.0,/data/users/junjie/workspace/hpc3_jhe724/outputs/research_q35/e3_s2add_mainview20k_r2_020000/summary.json
e3_s2add_mainview20k_r2_020000,210,teacher_wrist_masked,semantic_ratio,0.031778408455910206,0.031778408455910206,9.976352106541053e-05,0.0,/data/users/junjie/workspace/hpc3_jhe724/outputs/research_q35/e3_s2add_mainview20k_r2_020000/summary.json
e3_s2add_mainview20k_r2_020000,210,teacher_wrist_masked,video,0.10039657634638605,-0.0003560540576775869,0.0002024767245952646,0.5,/data/users/junjie/workspace/hpc3_jhe724/outputs/research_q35/e3_s2add_mainview20k_r2_020000/summary.json
e3_s2add_mainview20k_r2_020000,210,teacher_wrist_masked,video_main,0.04155381282214962,-0.00021424242738811742,0.00014849105861952037,0.5428571428571428,/data/users/junjie/workspace/hpc3_jhe724/outputs/research_q35/e3_s2add_mainview20k_r2_020000/summary.json
e3_s2add_mainview20k_r2_020000,210,teacher_wrist_masked,video_motion,0.2758600155867281,-0.0021025835758163814,0.0006847714831179895,0.5380952380952381,/data/users/junjie/workspace/hpc3_jhe724/outputs/research_q35/e3_s2add_mainview20k_r2_020000/summary.json
e3_s2add_mainview20k_r2_020000,210,teacher_wrist_masked,video_motion_main,0.2517654396770965,-0.0020410404496249697,0.0009360105931970196,0.5333333333333333,/data/users/junjie/workspace/hpc3_jhe724/outputs/research_q35/e3_s2add_mainview20k_r2_020000/summary.json
e3_s2add_mainview20k_r2_020000,210,teacher_wrist_masked,video_motion_wrist,0.29995459115930967,-0.00216412657783145,0.0006839496080029321,0.5428571428571428,/data/users/junjie/workspace/hpc3_jhe724/outputs/research_q35/e3_s2add_mainview20k_r2_020000/summary.json
e3_s2add_mainview20k_r2_020000,210,teacher_wrist_masked,video_wrist,0.15923934010345311,-0.0004978659518417858,0.00032173602309517116,0.5095238095238095,/data/users/junjie/workspace/hpc3_jhe724/outputs/research_q35/e3_s2add_mainview20k_r2_020000/summary.json
e3_s2add_mainview20k_r2_020000,210,teacher_main_masked,action_0_1,0.0184149462413708,0.0,0.0,0.0,/data/users/junjie/workspace/hpc3_jhe724/outputs/research_q35/e3_s2add_mainview20k_r2_020000/summary.json
e3_s2add_mainview20k_r2_020000,210,teacher_main_masked,action_1_9,0.01583851332016777,0.0,0.0,0.0,/data/users/junjie/workspace/hpc3_jhe724/outputs/research_q35/e3_s2add_mainview20k_r2_020000/summary.json
e3_s2add_mainview20k_r2_020000,210,teacher_main_masked,action_25_36,0.016546416535025595,0.0,0.0,0.0,/data/users/junjie/workspace/hpc3_jhe724/outputs/research_q35/e3_s2add_mainview20k_r2_020000/summary.json
e3_s2add_mainview20k_r2_020000,210,teacher_main_masked,action_9_25,0.016074120481165924,0.0,0.0,0.0,/data/users/junjie/workspace/hpc3_jhe724/outputs/research_q35/e3_s2add_mainview20k_r2_020000/summary.json
e3_s2add_mainview20k_r2_020000,210,teacher_main_masked,action_all,0.01623109892825596,0.0,0.0,0.0,/data/users/junjie/workspace/hpc3_jhe724/outputs/research_q35/e3_s2add_mainview20k_r2_020000/summary.json
e3_s2add_mainview20k_r2_020000,210,teacher_main_masked,motion_fraction,0.2308943937222163,0.0,0.0,0.0,/data/users/junjie/workspace/hpc3_jhe724/outputs/research_q35/e3_s2add_mainview20k_r2_020000/summary.json
e3_s2add_mainview20k_r2_020000,210,teacher_main_masked,semantic_ratio,0.0,0.0,0.0,0.0,/data/users/junjie/workspace/hpc3_jhe724/outputs/research_q35/e3_s2add_mainview20k_r2_020000/summary.json
e3_s2add_mainview20k_r2_020000,210,teacher_main_masked,video,0.10075263040406364,0.0,0.0,0.0,/data/users/junjie/workspace/hpc3_jhe724/outputs/research_q35/e3_s2add_mainview20k_r2_020000/summary.json
e3_s2add_mainview20k_r2_020000,210,teacher_main_masked,video_main,0.04176805524953774,0.0,0.0,0.0,/data/users/junjie/workspace/hpc3_jhe724/outputs/research_q35/e3_s2add_mainview20k_r2_020000/summary.json
e3_s2add_mainview20k_r2_020000,210,teacher_main_masked,video_motion,0.2779625991625445,0.0,0.0,0.0,/data/users/junjie/workspace/hpc3_jhe724/outputs/research_q35/e3_s2add_mainview20k_r2_020000/summary.json
e3_s2add_mainview20k_r2_020000,210,teacher_main_masked,video_motion_main,0.2538064801267215,0.0,0.0,0.0,/data/users/junjie/workspace/hpc3_jhe724/outputs/research_q35/e3_s2add_mainview20k_r2_020000/summary.json
e3_s2add_mainview20k_r2_020000,210,teacher_main_masked,video_motion_wrist,0.3021187177371411,0.0,0.0,0.0,/data/users/junjie/workspace/hpc3_jhe724/outputs/research_q35/e3_s2add_mainview20k_r2_020000/summary.json
e3_s2add_mainview20k_r2_020000,210,teacher_main_masked,video_wrist,0.1597372060552949,0.0,0.0,0.0,/data/users/junjie/workspace/hpc3_jhe724/outputs/research_q35/e3_s2add_mainview20k_r2_020000/summary.json
e3_s2control20k_005000,210,teacher,action_0_1,0.27019541757181287,-0.0021552952028633583,0.0008494553754240247,0.5333333333333333,/data/users/junjie/workspace/hpc3_jhe724/outputs/research_q35/e3_s2control20k_005000/summary.json
e3_s2control20k_005000,210,teacher,action_1_9,0.19577807952605542,-0.00162489235046364,0.0005919470462368957,0.5428571428571428,/data/users/junjie/workspace/hpc3_jhe724/outputs/research_q35/e3_s2control20k_005000/summary.json
e3_s2control20k_005000,210,teacher,action_25_36,0.18479813979495138,-0.001852321092571531,0.0006429093977117032,0.6238095238095238,/data/users/junjie/workspace/hpc3_jhe724/outputs/research_q35/e3_s2control20k_005000/summary.json
e3_s2control20k_005000,210,teacher,action_9_25,0.17945139100331636,-0.0016292044715512366,0.0006655634823562332,0.5714285714285714,/data/users/junjie/workspace/hpc3_jhe724/outputs/research_q35/e3_s2control20k_005000/summary.json
e3_s2control20k_005000,210,teacher,action_all,0.18723393982010228,-0.0017110339587643032,0.0004653429764899894,0.6190476190476191,/data/users/junjie/workspace/hpc3_jhe724/outputs/research_q35/e3_s2control20k_005000/summary.json
e3_s2control20k_005000,210,teacher,motion_fraction,0.2308943937222163,0.0,0.0,0.0,/data/users/junjie/workspace/hpc3_jhe724/outputs/research_q35/e3_s2control20k_005000/summary.json
e3_s2control20k_005000,210,teacher,semantic_ratio,0.0005744028214292121,0.0005744028214292121,8.103187734401358e-06,0.0,/data/users/junjie/workspace/hpc3_jhe724/outputs/research_q35/e3_s2control20k_005000/summary.json
e3_s2control20k_005000,210,teacher,video,0.10176540410057419,-1.795899477742967e-05,3.554848476945833e-05,0.5095238095238095,/data/users/junjie/workspace/hpc3_jhe724/outputs/research_q35/e3_s2control20k_005000/summary.json
e3_s2control20k_005000,210,teacher,video_main,0.041632891020604544,-8.684095172655014e-07,3.1319517430896784e-05,0.44761904761904764,/data/users/junjie/workspace/hpc3_jhe724/outputs/research_q35/e3_s2control20k_005000/summary.json
e3_s2control20k_005000,210,teacher,video_motion,0.281549892361675,-0.00011518672108650208,0.00015446778900931373,0.44285714285714284,/data/users/junjie/workspace/hpc3_jhe724/outputs/research_q35/e3_s2control20k_005000/summary.json
e3_s2control20k_005000,210,teacher,video_motion_main,0.2548188898535002,-0.00023493699374653045,0.00022324075059941139,0.4666666666666667,/data/users/junjie/workspace/hpc3_jhe724/outputs/research_q35/e3_s2control20k_005000/summary.json
e3_s2control20k_005000,210,teacher,video_motion_wrist,0.308280894692455,4.5635160945710685e-06,0.00014535924095626364,0.4380952380952381,/data/users/junjie/workspace/hpc3_jhe724/outputs/research_q35/e3_s2control20k_005000/summary.json
e3_s2control20k_005000,210,teacher,video_wrist,0.1618979169676701,-3.504973969289235e-05,5.82634864158261e-05,0.49523809523809526,/data/users/junjie/workspace/hpc3_jhe724/outputs/research_q35/e3_s2control20k_005000/summary.json
e3_s2control20k_005000,210,semantic_disabled,action_0_1,0.2723507127746762,0.0,0.0,0.0,/data/users/junjie/workspace/hpc3_jhe724/outputs/research_q35/e3_s2control20k_005000/summary.json
e3_s2control20k_005000,210,semantic_disabled,action_1_9,0.19740297187651906,0.0,0.0,0.0,/data/users/junjie/workspace/hpc3_jhe724/outputs/research_q35/e3_s2control20k_005000/summary.json
e3_s2control20k_005000,210,semantic_disabled,action_25_36,0.18665046088752293,0.0,0.0,0.0,/data/users/junjie/workspace/hpc3_jhe724/outputs/research_q35/e3_s2control20k_005000/summary.json
e3_s2control20k_005000,210,semantic_disabled,action_9_25,0.1810805954748676,0.0,0.0,0.0,/data/users/junjie/workspace/hpc3_jhe724/outputs/research_q35/e3_s2control20k_005000/summary.json
e3_s2control20k_005000,210,semantic_disabled,action_all,0.1889449737788666,0.0,0.0,0.0,/data/users/junjie/workspace/hpc3_jhe724/outputs/research_q35/e3_s2control20k_005000/summary.json
e3_s2control20k_005000,210,semantic_disabled,motion_fraction,0.2308943937222163,0.0,0.0,0.0,/data/users/junjie/workspace/hpc3_jhe724/outputs/research_q35/e3_s2control20k_005000/summary.json
e3_s2control20k_005000,210,semantic_disabled,semantic_ratio,0.0,0.0,0.0,0.0,/data/users/junjie/workspace/hpc3_jhe724/outputs/research_q35/e3_s2control20k_005000/summary.json
e3_s2control20k_005000,210,semantic_disabled,video,0.10178336309535163,0.0,0.0,0.0,/data/users/junjie/workspace/hpc3_jhe724/outputs/research_q35/e3_s2control20k_005000/summary.json
e3_s2control20k_005000,210,semantic_disabled,video_main,0.041633759430121806,0.0,0.0,0.0,/data/users/junjie/workspace/hpc3_jhe724/outputs/research_q35/e3_s2control20k_005000/summary.json
e3_s2control20k_005000,210,semantic_disabled,video_motion,0.2816650790827615,0.0,0.0,0.0,/data/users/junjie/workspace/hpc3_jhe724/outputs/research_q35/e3_s2control20k_005000/summary.json
e3_s2control20k_005000,210,semantic_disabled,video_motion_main,0.2550538268472467,0.0,0.0,0.0,/data/users/junjie/workspace/hpc3_jhe724/outputs/research_q35/e3_s2control20k_005000/summary.json
e3_s2control20k_005000,210,semantic_disabled,video_motion_wrist,0.30827633117636044,0.0,0.0,0.0,/data/users/junjie/workspace/hpc3_jhe724/outputs/research_q35/e3_s2control20k_005000/summary.json
e3_s2control20k_005000,210,semantic_disabled,video_wrist,0.161932966707363,0.0,0.0,0.0,/data/users/junjie/workspace/hpc3_jhe724/outputs/research_q35/e3_s2control20k_005000/summary.json
e3_s2control20k_005000,210,teacher_wrist_masked,action_0_1,0.27099800294575593,-0.0013527098289203075,0.000693576595311678,0.5142857142857142,/data/users/junjie/workspace/hpc3_jhe724/outputs/research_q35/e3_s2control20k_005000/summary.json
e3_s2control20k_005000,210,teacher_wrist_masked,action_1_9,0.1964991634002044,-0.0009038084763146582,0.0005025810417524278,0.5142857142857142,/data/users/junjie/workspace/hpc3_jhe724/outputs/research_q35/e3_s2control20k_005000/summary.json
e3_s2control20k_005000,210,teacher_wrist_masked,action_25_36,0.1853633241018369,-0.0012871367856860162,0.0005898167887246406,0.5238095238095238,/data/users/junjie/workspace/hpc3_jhe724/outputs/research_q35/e3_s2control20k_005000/summary.json
e3_s2control20k_005000,210,teacher_wrist_masked,action_9_25,0.18077713623642921,-0.0003034592384383792,0.00058115781915897,0.4714285714285714,/data/users/junjie/workspace/hpc3_jhe724/outputs/research_q35/e3_s2control20k_005000/summary.json
e3_s2control20k_005000,210,teacher_wrist_masked,action_all,0.18817839144418638,-0.0007665823346802166,0.000396681691320974,0.5142857142857142,/data/users/junjie/workspace/hpc3_jhe724/outputs/research_q35/e3_s2control20k_005000/summary.json
e3_s2control20k_005000,210,teacher_wrist_masked,motion_fraction,0.2308943937222163,0.0,0.0,0.0,/data/users/junjie/workspace/hpc3_jhe724/outputs/research_q35/e3_s2control20k_005000/summary.json
e3_s2control20k_005000,210,teacher_wrist_masked,semantic_ratio,0.0004470605682669036,0.0004470605682669036,5.1689417073543244e-06,0.0,/data/users/junjie/workspace/hpc3_jhe724/outputs/research_q35/e3_s2control20k_005000/summary.json
e3_s2control20k_005000,210,teacher_wrist_masked,video,0.10184129640637408,5.79333110224633e-05,3.459675894393483e-05,0.38095238095238093,/data/users/junjie/workspace/hpc3_jhe724/outputs/research_q35/e3_s2control20k_005000/summary.json
e3_s2control20k_005000,210,teacher_wrist_masked,video_main,0.041618172123673414,-1.5587306448391506e-05,3.121009378257149e-05,0.45714285714285713,/data/users/junjie/workspace/hpc3_jhe724/outputs/research_q35/e3_s2control20k_005000/summary.json
e3_s2control20k_005000,210,teacher_wrist_masked,video_motion,0.2816113304524195,-5.374863034202939e-05,0.00015438102045984374,0.38095238095238093,/data/users/junjie/workspace/hpc3_jhe724/outputs/research_q35/e3_s2control20k_005000/summary.json
e3_s2control20k_005000,210,teacher_wrist_masked,video_motion_main,0.25471057785408835,-0.00034324899315834044,0.00022458468985488036,0.47619047619047616,/data/users/junjie/workspace/hpc3_jhe724/outputs/research_q35/e3_s2control20k_005000/summary.json
e3_s2control20k_005000,210,teacher_wrist_masked,video_motion_wrist,0.3085120843634719,0.00023575318711144583,0.00012874535429068806,0.35714285714285715,/data/users/junjie/workspace/hpc3_jhe724/outputs/research_q35/e3_s2control20k_005000/summary.json
e3_s2control20k_005000,210,teacher_wrist_masked,video_wrist,0.1620644206092471,0.00013145390188410168,5.254958146548653e-05,0.3476190476190476,/data/users/junjie/workspace/hpc3_jhe724/outputs/research_q35/e3_s2control20k_005000/summary.json
e3_s2control20k_005000,210,teacher_main_masked,action_0_1,0.27088240802598496,-0.0014683047486912636,0.0005482535580022067,0.5857142857142857,/data/users/junjie/workspace/hpc3_jhe724/outputs/research_q35/e3_s2control20k_005000/summary.json
e3_s2control20k_005000,210,teacher_main_masked,action_1_9,0.19545362131404026,-0.001949350562478815,0.0005054905008784579,0.6,/data/users/junjie/workspace/hpc3_jhe724/outputs/research_q35/e3_s2control20k_005000/summary.json
e3_s2control20k_005000,210,teacher_main_masked,action_25_36,0.18590495487941164,-0.0007455060081112952,0.00029017100579577124,0.580952380952381,/data/users/junjie/workspace/hpc3_jhe724/outputs/research_q35/e3_s2control20k_005000/summary.json
e3_s2control20k_005000,210,teacher_main_masked,action_9_25,0.17933761904991807,-0.0017429764249495099,0.0004380682421745274,0.6428571428571429,/data/users/junjie/workspace/hpc3_jhe724/outputs/research_q35/e3_s2control20k_005000/summary.json
e3_s2control20k_005000,210,teacher_main_masked,action_all,0.18746854926326445,-0.0014764245156021346,0.00027090290951085595,0.638095238095238,/data/users/junjie/workspace/hpc3_jhe724/outputs/research_q35/e3_s2control20k_005000/summary.json
e3_s2control20k_005000,210,teacher_main_masked,motion_fraction,0.2308943937222163,0.0,0.0,0.0,/data/users/junjie/workspace/hpc3_jhe724/outputs/research_q35/e3_s2control20k_005000/summary.json
e3_s2control20k_005000,210,teacher_main_masked,semantic_ratio,0.0003451487302194394,0.0003451487302194394,9.166381730158622e-06,0.0,/data/users/junjie/workspace/hpc3_jhe724/outputs/research_q35/e3_s2control20k_005000/summary.json
e3_s2control20k_005000,210,teacher_main_masked,video,0.10171965435147286,-6.370874387877328e-05,1.8271606264604937e-05,0.6190476190476191,/data/users/junjie/workspace/hpc3_jhe724/outputs/research_q35/e3_s2control20k_005000/summary.json
e3_s2control20k_005000,210,teacher_main_masked,video_main,0.04164830653795174,1.4547107829934075e-05,8.362539801657331e-06,0.4238095238095238,/data/users/junjie/workspace/hpc3_jhe724/outputs/research_q35/e3_s2control20k_005000/summary.json
e3_s2control20k_005000,210,teacher_main_masked,video_motion,0.28161571650278,-4.9362579981486e-05,6.196742125681334e-05,0.5428571428571428,/data/users/junjie/workspace/hpc3_jhe724/outputs/research_q35/e3_s2control20k_005000/summary.json
e3_s2control20k_005000,210,teacher_main_masked,video_motion_main,0.2551789584968771,0.00012513164963041034,7.166470818899879e-05,0.3904761904761905,/data/users/junjie/workspace/hpc3_jhe724/outputs/research_q35/e3_s2control20k_005000/summary.json
e3_s2control20k_005000,210,teacher_main_masked,video_motion_wrist,0.3080524752892199,-0.00022385588714054653,9.144797750549082e-05,0.5666666666666667,/data/users/junjie/workspace/hpc3_jhe724/outputs/research_q35/e3_s2control20k_005000/summary.json
e3_s2control20k_005000,210,teacher_main_masked,video_wrist,0.16179100318501394,-0.00014196352234908512,3.6497476173030056e-05,0.6333333333333333,/data/users/junjie/workspace/hpc3_jhe724/outputs/research_q35/e3_s2control20k_005000/summary.json
e3_s2control20k_010000,210,teacher,action_0_1,0.026326251610936154,-0.0011730963951863704,0.0005580879575393791,0.49523809523809526,/data/users/junjie/workspace/hpc3_jhe724/outputs/research_q35/e3_s2control20k_010000/summary.json
e3_s2control20k_010000,210,teacher,action_1_9,0.02244038853594767,-0.0008342359348067215,0.0005386972430411459,0.5380952380952381,/data/users/junjie/workspace/hpc3_jhe724/outputs/research_q35/e3_s2control20k_010000/summary.json
e3_s2control20k_010000,210,teacher,action_25_36,0.02194398919430872,-0.0014945508474262343,0.00043641976592389875,0.5952380952380952,/data/users/junjie/workspace/hpc3_jhe724/outputs/research_q35/e3_s2control20k_010000/summary.json
e3_s2control20k_010000,210,teacher,action_9_25,0.022681322196010677,-0.0005735859385735931,0.00046083544457216845,0.6047619047619047,/data/users/junjie/workspace/hpc3_jhe724/outputs/research_q35/e3_s2control20k_010000/summary.json
e3_s2control20k_010000,210,teacher,action_all,0.02250373352962058,-0.0009295670692587183,0.0003112034911306402,0.6142857142857143,/data/users/junjie/workspace/hpc3_jhe724/outputs/research_q35/e3_s2control20k_010000/summary.json
e3_s2control20k_010000,210,teacher,motion_fraction,0.2308943937222163,0.0,0.0,0.0,/data/users/junjie/workspace/hpc3_jhe724/outputs/research_q35/e3_s2control20k_010000/summary.json
e3_s2control20k_010000,210,teacher,semantic_ratio,0.001564625950739985,0.001564625950739985,1.0888402194074946e-05,0.0,/data/users/junjie/workspace/hpc3_jhe724/outputs/research_q35/e3_s2control20k_010000/summary.json
e3_s2control20k_010000,210,teacher,video,0.10084598769566842,-0.0004097390299042066,0.00011074709918620011,0.6333333333333333,/data/users/junjie/workspace/hpc3_jhe724/outputs/research_q35/e3_s2control20k_010000/summary.json
e3_s2control20k_010000,210,teacher,video_main,0.0416961674268047,-0.0002103092148900032,4.4055786486986124e-05,0.6428571428571429,/data/users/junjie/workspace/hpc3_jhe724/outputs/research_q35/e3_s2control20k_010000/summary.json
e3_s2control20k_010000,210,teacher,video_motion,0.2784387378110772,-0.0015048802963324955,0.0002796640813965149,0.680952380952381,/data/users/junjie/workspace/hpc3_jhe724/outputs/research_q35/e3_s2control20k_010000/summary.json
e3_s2control20k_010000,210,teacher,video_motion_main,0.2541853906498069,-0.0012596723579225086,0.0002965257838866948,0.638095238095238,/data/users/junjie/workspace/hpc3_jhe724/outputs/research_q35/e3_s2control20k_010000/summary.json
e3_s2control20k_010000,210,teacher,video_motion_wrist,0.3026920870656059,-0.0017500854319050197,0.00043606242640220724,0.5952380952380952,/data/users/junjie/workspace/hpc3_jhe724/outputs/research_q35/e3_s2control20k_010000/summary.json
e3_s2control20k_010000,210,teacher,video_wrist,0.15999580807096903,-0.0006091692174474398,0.00020866257145528826,0.5952380952380952,/data/users/junjie/workspace/hpc3_jhe724/outputs/research_q35/e3_s2control20k_010000/summary.json
e3_s2control20k_010000,210,semantic_disabled,action_0_1,0.027499348006122522,0.0,0.0,0.0,/data/users/junjie/workspace/hpc3_jhe724/outputs/research_q35/e3_s2control20k_010000/summary.json
e3_s2control20k_010000,210,semantic_disabled,action_1_9,0.023274624470754395,0.0,0.0,0.0,/data/users/junjie/workspace/hpc3_jhe724/outputs/research_q35/e3_s2control20k_010000/summary.json
e3_s2control20k_010000,210,semantic_disabled,action_25_36,0.023438540041734953,0.0,0.0,0.0,/data/users/junjie/workspace/hpc3_jhe724/outputs/research_q35/e3_s2control20k_010000/summary.json
e3_s2control20k_010000,210,semantic_disabled,action_9_25,0.023254908134584272,0.0,0.0,0.0,/data/users/junjie/workspace/hpc3_jhe724/outputs/research_q35/e3_s2control20k_010000/summary.json
e3_s2control20k_010000,210,semantic_disabled,action_all,0.0234333005988793,0.0,0.0,0.0,/data/users/junjie/workspace/hpc3_jhe724/outputs/research_q35/e3_s2control20k_010000/summary.json
e3_s2control20k_010000,210,semantic_disabled,motion_fraction,0.2308943937222163,0.0,0.0,0.0,/data/users/junjie/workspace/hpc3_jhe724/outputs/research_q35/e3_s2control20k_010000/summary.json
e3_s2control20k_010000,210,semantic_disabled,semantic_ratio,0.0,0.0,0.0,0.0,/data/users/junjie/workspace/hpc3_jhe724/outputs/research_q35/e3_s2control20k_010000/summary.json
e3_s2control20k_010000,210,semantic_disabled,video,0.10125572672557263,0.0,0.0,0.0,/data/users/junjie/workspace/hpc3_jhe724/outputs/research_q35/e3_s2control20k_010000/summary.json
e3_s2control20k_010000,210,semantic_disabled,video_main,0.0419064766416947,0.0,0.0,0.0,/data/users/junjie/workspace/hpc3_jhe724/outputs/research_q35/e3_s2control20k_010000/summary.json
e3_s2control20k_010000,210,semantic_disabled,video_motion,0.2799436181074097,0.0,0.0,0.0,/data/users/junjie/workspace/hpc3_jhe724/outputs/research_q35/e3_s2control20k_010000/summary.json
e3_s2control20k_010000,210,semantic_disabled,video_motion_main,0.2554450630077294,0.0,0.0,0.0,/data/users/junjie/workspace/hpc3_jhe724/outputs/research_q35/e3_s2control20k_010000/summary.json
e3_s2control20k_010000,210,semantic_disabled,video_motion_wrist,0.30444217249751093,0.0,0.0,0.0,/data/users/junjie/workspace/hpc3_jhe724/outputs/research_q35/e3_s2control20k_010000/summary.json
e3_s2control20k_010000,210,semantic_disabled,video_wrist,0.16060497728841647,0.0,0.0,0.0,/data/users/junjie/workspace/hpc3_jhe724/outputs/research_q35/e3_s2control20k_010000/summary.json
e3_s2control20k_010000,210,teacher_wrist_masked,action_0_1,0.027283034220870053,-0.00021631378525247176,0.00030232922017285775,0.5142857142857142,/data/users/junjie/workspace/hpc3_jhe724/outputs/research_q35/e3_s2control20k_010000/summary.json
e3_s2control20k_010000,210,teacher_wrist_masked,action_1_9,0.023306198458054237,3.157398729984249e-05,0.00018070889137387425,0.4857142857142857,/data/users/junjie/workspace/hpc3_jhe724/outputs/research_q35/e3_s2control20k_010000/summary.json
e3_s2control20k_010000,210,teacher_wrist_masked,action_25_36,0.023344912409915455,-9.362763181949655e-05,0.00024628445941275745,0.5238095238095238,/data/users/junjie/workspace/hpc3_jhe724/outputs/research_q35/e3_s2control20k_010000/summary.json
e3_s2control20k_010000,210,teacher_wrist_masked,action_9_25,0.02384250553413516,0.0005875973995508893,0.00032012123231526466,0.47619047619047616,/data/users/junjie/workspace/hpc3_jhe724/outputs/research_q35/e3_s2control20k_010000/summary.json
e3_s2control20k_010000,210,teacher_wrist_masked,action_all,0.023666854140659173,0.00023355354177987292,0.0001766177287947304,0.5238095238095238,/data/users/junjie/workspace/hpc3_jhe724/outputs/research_q35/e3_s2control20k_010000/summary.json
e3_s2control20k_010000,210,teacher_wrist_masked,motion_fraction,0.2308943937222163,0.0,0.0,0.0,/data/users/junjie/workspace/hpc3_jhe724/outputs/research_q35/e3_s2control20k_010000/summary.json
e3_s2control20k_010000,210,teacher_wrist_masked,semantic_ratio,0.0011150689144602771,0.0011150689144602771,6.618427662706722e-06,0.0,/data/users/junjie/workspace/hpc3_jhe724/outputs/research_q35/e3_s2control20k_010000/summary.json
e3_s2control20k_010000,210,teacher_wrist_masked,video,0.10125076134822199,-4.965377350648245e-06,6.184674827946957e-05,0.5666666666666667,/data/users/junjie/workspace/hpc3_jhe724/outputs/research_q35/e3_s2control20k_010000/summary.json
e3_s2control20k_010000,210,teacher_wrist_masked,video_main,0.04174661576703546,-0.00015986087465924876,4.223037840937296e-05,0.7,/data/users/junjie/workspace/hpc3_jhe724/outputs/research_q35/e3_s2control20k_010000/summary.json
e3_s2control20k_010000,210,teacher_wrist_masked,video_motion,0.27953376695513726,-0.0004098511522724515,0.0001714520001841809,0.6142857142857143,/data/users/junjie/workspace/hpc3_jhe724/outputs/research_q35/e3_s2control20k_010000/summary.json
e3_s2control20k_010000,210,teacher_wrist_masked,video_motion_main,0.2542801515509685,-0.001164911456760906,0.00027513920680721863,0.6952380952380952,/data/users/junjie/workspace/hpc3_jhe724/outputs/research_q35/e3_s2control20k_010000/summary.json
e3_s2control20k_010000,210,teacher_wrist_masked,video_motion_wrist,0.3047873809224083,0.00034520842489742096,0.0001916435026599097,0.46190476190476193,/data/users/junjie/workspace/hpc3_jhe724/outputs/research_q35/e3_s2control20k_010000/summary.json
e3_s2control20k_010000,210,teacher_wrist_masked,video_wrist,0.16075490713119506,0.0001499298427786146,0.00010812575662098295,0.47619047619047616,/data/users/junjie/workspace/hpc3_jhe724/outputs/research_q35/e3_s2control20k_010000/summary.json
e3_s2control20k_010000,210,teacher_main_masked,action_0_1,0.026553978976084008,-0.0009453690300385158,0.0005040228833475305,0.5142857142857142,/data/users/junjie/workspace/hpc3_jhe724/outputs/research_q35/e3_s2control20k_010000/summary.json
e3_s2control20k_010000,210,teacher_main_masked,action_1_9,0.022118395538113657,-0.001156228932640737,0.0004581528209691998,0.6095238095238096,/data/users/junjie/workspace/hpc3_jhe724/outputs/research_q35/e3_s2control20k_010000/summary.json
e3_s2control20k_010000,210,teacher_main_masked,action_25_36,0.022075322621856772,-0.0013632174198781805,0.0003906944746155697,0.6428571428571429,/data/users/junjie/workspace/hpc3_jhe724/outputs/research_q35/e3_s2control20k_010000/summary.json
e3_s2control20k_010000,210,teacher_main_masked,action_9_25,0.022112858299321185,-0.0011420498352630861,0.00041655971574961815,0.6190476190476191,/data/users/junjie/workspace/hpc3_jhe724/outputs/research_q35/e3_s2control20k_010000/summary.json
e3_s2control20k_010000,210,teacher_main_masked,action_all,0.022225984095019243,-0.0012073165038600565,0.0002708070290717115,0.6666666666666666,/data/users/junjie/workspace/hpc3_jhe724/outputs/research_q35/e3_s2control20k_010000/summary.json
e3_s2control20k_010000,210,teacher_main_masked,motion_fraction,0.2308943937222163,0.0,0.0,0.0,/data/users/junjie/workspace/hpc3_jhe724/outputs/research_q35/e3_s2control20k_010000/summary.json
e3_s2control20k_010000,210,teacher_main_masked,semantic_ratio,0.0010865158904739645,0.0010865158904739645,1.230925697590858e-05,0.0,/data/users/junjie/workspace/hpc3_jhe724/outputs/research_q35/e3_s2control20k_010000/summary.json
e3_s2control20k_010000,210,teacher_main_masked,video,0.10086161200666711,-0.000394114718905517,0.00010753435560181017,0.6285714285714286,/data/users/junjie/workspace/hpc3_jhe724/outputs/research_q35/e3_s2control20k_010000/summary.json
e3_s2control20k_010000,210,teacher_main_masked,video_main,0.04186479833775333,-4.167830394137473e-05,2.5688993317221718e-05,0.5190476190476191,/data/users/junjie/workspace/hpc3_jhe724/outputs/research_q35/e3_s2control20k_010000/summary.json
e3_s2control20k_010000,210,teacher_main_masked,video_motion,0.27884624298839344,-0.001097375119016284,0.00024997802753193304,0.5904761904761905,/data/users/junjie/workspace/hpc3_jhe724/outputs/research_q35/e3_s2control20k_010000/summary.json
e3_s2control20k_010000,210,teacher_main_masked,video_motion_main,0.25523376856886204,-0.0002112944388673419,0.0001933958689965322,0.4523809523809524,/data/users/junjie/workspace/hpc3_jhe724/outputs/research_q35/e3_s2control20k_010000/summary.json
e3_s2control20k_010000,210,teacher_main_masked,video_motion_wrist,0.30245871547432174,-0.0019834570231891816,0.0004115677643827694,0.6190476190476191,/data/users/junjie/workspace/hpc3_jhe724/outputs/research_q35/e3_s2control20k_010000/summary.json
e3_s2control20k_010000,210,teacher_main_masked,video_wrist,0.1598584252099196,-0.0007465520784968422,0.00020438418198846225,0.6333333333333333,/data/users/junjie/workspace/hpc3_jhe724/outputs/research_q35/e3_s2control20k_010000/summary.json
e3_s2control20k_015000,210,teacher,action_0_1,0.008943850162627531,-0.0010443346023315653,0.00026964504311535433,0.580952380952381,/data/users/junjie/workspace/hpc3_jhe724/outputs/research_q35/e3_s2control20k_015000/summary.json
e3_s2control20k_015000,210,teacher,action_1_9,0.007175390949262128,-0.001761090432548718,0.0004862117309010521,0.7047619047619048,/data/users/junjie/workspace/hpc3_jhe724/outputs/research_q35/e3_s2control20k_015000/summary.json
e3_s2control20k_015000,210,teacher,action_25_36,0.006892224464709649,-0.001145673954202461,0.00026779519430363956,0.6666666666666666,/data/users/junjie/workspace/hpc3_jhe724/outputs/research_q35/e3_s2control20k_015000/summary.json
e3_s2control20k_015000,210,teacher,action_9_25,0.007765498137589367,-0.0013979267527160812,0.0005099616177465475,0.7047619047619048,/data/users/junjie/workspace/hpc3_jhe724/outputs/research_q35/e3_s2control20k_015000/summary.json
e3_s2control20k_015000,210,teacher,action_all,0.0074002615153966915,-0.0013917305851854117,0.0002893602479198619,0.7238095238095238,/data/users/junjie/workspace/hpc3_jhe724/outputs/research_q35/e3_s2control20k_015000/summary.json
e3_s2control20k_015000,210,teacher,motion_fraction,0.2308943937222163,0.0,0.0,0.0,/data/users/junjie/workspace/hpc3_jhe724/outputs/research_q35/e3_s2control20k_015000/summary.json
e3_s2control20k_015000,210,teacher,semantic_ratio,0.0026527153992761516,0.0026527153992761516,1.4607553229894292e-05,0.0,/data/users/junjie/workspace/hpc3_jhe724/outputs/research_q35/e3_s2control20k_015000/summary.json
e3_s2control20k_015000,210,teacher,video,0.1004551826488404,-0.0006085096370606196,0.00011592346260107897,0.6476190476190476,/data/users/junjie/workspace/hpc3_jhe724/outputs/research_q35/e3_s2control20k_015000/summary.json
e3_s2control20k_015000,210,teacher,video_main,0.04159893838999172,-0.00018364571788836092,6.093488684819269e-05,0.5380952380952381,/data/users/junjie/workspace/hpc3_jhe724/outputs/research_q35/e3_s2control20k_015000/summary.json
e3_s2control20k_015000,210,teacher,video_motion,0.2769929541718392,-0.0018161743879318236,0.0003399899209699353,0.6142857142857143,/data/users/junjie/workspace/hpc3_jhe724/outputs/research_q35/e3_s2control20k_015000/summary.json
e3_s2control20k_015000,210,teacher,video_motion_main,0.25281361671430724,-0.0012059725643623442,0.00037730054800515765,0.5333333333333333,/data/users/junjie/workspace/hpc3_jhe724/outputs/research_q35/e3_s2control20k_015000/summary.json
e3_s2control20k_015000,210,teacher,video_motion_wrist,0.3011722913810185,-0.002426376406635557,0.0004701617145554623,0.6428571428571429,/data/users/junjie/workspace/hpc3_jhe724/outputs/research_q35/e3_s2control20k_015000/summary.json
e3_s2control20k_015000,210,teacher,video_wrist,0.1593114270873013,-0.0010333736382779621,0.00021248809949297776,0.6142857142857143,/data/users/junjie/workspace/hpc3_jhe724/outputs/research_q35/e3_s2control20k_015000/summary.json
e3_s2control20k_015000,210,semantic_disabled,action_0_1,0.009988184764959095,0.0,0.0,0.0,/data/users/junjie/workspace/hpc3_jhe724/outputs/research_q35/e3_s2control20k_015000/summary.json
e3_s2control20k_015000,210,semantic_disabled,action_1_9,0.008936481381810846,0.0,0.0,0.0,/data/users/junjie/workspace/hpc3_jhe724/outputs/research_q35/e3_s2control20k_015000/summary.json
e3_s2control20k_015000,210,semantic_disabled,action_25_36,0.00803789841891211,0.0,0.0,0.0,/data/users/junjie/workspace/hpc3_jhe724/outputs/research_q35/e3_s2control20k_015000/summary.json
e3_s2control20k_015000,210,semantic_disabled,action_9_25,0.009163424890305447,0.0,0.0,0.0,/data/users/junjie/workspace/hpc3_jhe724/outputs/research_q35/e3_s2control20k_015000/summary.json
e3_s2control20k_015000,210,semantic_disabled,action_all,0.008791992100582104,0.0,0.0,0.0,/data/users/junjie/workspace/hpc3_jhe724/outputs/research_q35/e3_s2control20k_015000/summary.json
e3_s2control20k_015000,210,semantic_disabled,motion_fraction,0.2308943937222163,0.0,0.0,0.0,/data/users/junjie/workspace/hpc3_jhe724/outputs/research_q35/e3_s2control20k_015000/summary.json
e3_s2control20k_015000,210,semantic_disabled,semantic_ratio,0.0,0.0,0.0,0.0,/data/users/junjie/workspace/hpc3_jhe724/outputs/research_q35/e3_s2control20k_015000/summary.json
e3_s2control20k_015000,210,semantic_disabled,video,0.10106369228590102,0.0,0.0,0.0,/data/users/junjie/workspace/hpc3_jhe724/outputs/research_q35/e3_s2control20k_015000/summary.json
e3_s2control20k_015000,210,semantic_disabled,video_main,0.041782584107880084,0.0,0.0,0.0,/data/users/junjie/workspace/hpc3_jhe724/outputs/research_q35/e3_s2control20k_015000/summary.json
e3_s2control20k_015000,210,semantic_disabled,video_motion,0.278809128559771,0.0,0.0,0.0,/data/users/junjie/workspace/hpc3_jhe724/outputs/research_q35/e3_s2control20k_015000/summary.json
e3_s2control20k_015000,210,semantic_disabled,video_motion_main,0.2540195892786696,0.0,0.0,0.0,/data/users/junjie/workspace/hpc3_jhe724/outputs/research_q35/e3_s2control20k_015000/summary.json
e3_s2control20k_015000,210,semantic_disabled,video_motion_wrist,0.30359866778765404,0.0,0.0,0.0,/data/users/junjie/workspace/hpc3_jhe724/outputs/research_q35/e3_s2control20k_015000/summary.json
e3_s2control20k_015000,210,semantic_disabled,video_wrist,0.16034480072557927,0.0,0.0,0.0,/data/users/junjie/workspace/hpc3_jhe724/outputs/research_q35/e3_s2control20k_015000/summary.json
e3_s2control20k_015000,210,teacher_wrist_masked,action_0_1,0.010041116744867481,5.2931979908386156e-05,0.0001592467176914762,0.49523809523809526,/data/users/junjie/workspace/hpc3_jhe724/outputs/research_q35/e3_s2control20k_015000/summary.json
e3_s2control20k_015000,210,teacher_wrist_masked,action_1_9,0.009092317500229303,0.00015583611841845724,0.0003161522508181161,0.49523809523809526,/data/users/junjie/workspace/hpc3_jhe724/outputs/research_q35/e3_s2control20k_015000/summary.json
e3_s2control20k_015000,210,teacher_wrist_masked,action_25_36,0.0076084964095831055,-0.00042940200932900464,0.0001505872818761808,0.5476190476190477,/data/users/junjie/workspace/hpc3_jhe724/outputs/research_q35/e3_s2control20k_015000/summary.json
e3_s2control20k_015000,210,teacher_wrist_masked,action_9_25,0.00912684112180224,-3.6583768503208247e-05,0.00031587865567866784,0.5428571428571428,/data/users/junjie/workspace/hpc3_jhe724/outputs/research_q35/e3_s2control20k_015000/summary.json
e3_s2control20k_015000,210,teacher_wrist_masked,action_all,0.008680627149962155,-0.00011136495061994841,0.00018428482233733083,0.5523809523809524,/data/users/junjie/workspace/hpc3_jhe724/outputs/research_q35/e3_s2control20k_015000/summary.json
e3_s2control20k_015000,210,teacher_wrist_masked,motion_fraction,0.2308943937222163,0.0,0.0,0.0,/data/users/junjie/workspace/hpc3_jhe724/outputs/research_q35/e3_s2control20k_015000/summary.json
e3_s2control20k_015000,210,teacher_wrist_masked,semantic_ratio,0.0017900257801592503,0.0017900257801592503,8.579778426384571e-06,0.0,/data/users/junjie/workspace/hpc3_jhe724/outputs/research_q35/e3_s2control20k_015000/summary.json
e3_s2control20k_015000,210,teacher_wrist_masked,video,0.10111926427731911,5.5571991418089186e-05,6.59143103462199e-05,0.48095238095238096,/data/users/junjie/workspace/hpc3_jhe724/outputs/research_q35/e3_s2control20k_015000/summary.json
e3_s2control20k_015000,210,teacher_wrist_masked,video_main,0.0416477418549004,-0.00013484225297967593,6.0408832664656356e-05,0.5666666666666667,/data/users/junjie/workspace/hpc3_jhe724/outputs/research_q35/e3_s2control20k_015000/summary.json
e3_s2control20k_015000,210,teacher_wrist_masked,video_motion,0.27872096605244134,-8.816250732966832e-05,0.00021401633752139615,0.4666666666666667,/data/users/junjie/workspace/hpc3_jhe724/outputs/research_q35/e3_s2control20k_015000/summary.json
e3_s2control20k_015000,210,teacher_wrist_masked,video_motion_main,0.2532375716382549,-0.0007820176404146921,0.00032708968789254764,0.5619047619047619,/data/users/junjie/workspace/hpc3_jhe724/outputs/research_q35/e3_s2control20k_015000/summary.json
e3_s2control20k_015000,210,teacher_wrist_masked,video_motion_wrist,0.30420435996992246,0.0006056921822684152,0.000275761688037467,0.3952380952380952,/data/users/junjie/workspace/hpc3_jhe724/outputs/research_q35/e3_s2control20k_015000/summary.json
e3_s2control20k_015000,210,teacher_wrist_masked,video_wrist,0.16059078689487208,0.00024598616929281323,0.00011829513955764226,0.45714285714285713,/data/users/junjie/workspace/hpc3_jhe724/outputs/research_q35/e3_s2control20k_015000/summary.json
e3_s2control20k_015000,210,teacher_main_masked,action_0_1,0.009164923405235944,-0.0008232613597231518,0.00025571502705471345,0.6190476190476191,/data/users/junjie/workspace/hpc3_jhe724/outputs/research_q35/e3_s2control20k_015000/summary.json
e3_s2control20k_015000,210,teacher_main_masked,action_1_9,0.007732749065118176,-0.0012037323166926702,0.0004345144982874303,0.6952380952380952,/data/users/junjie/workspace/hpc3_jhe724/outputs/research_q35/e3_s2control20k_015000/summary.json
e3_s2control20k_015000,210,teacher_main_masked,action_25_36,0.007156029962269324,-0.0008818684566427865,0.0002594649434970542,0.6333333333333333,/data/users/junjie/workspace/hpc3_jhe724/outputs/research_q35/e3_s2control20k_015000/summary.json
e3_s2control20k_015000,210,teacher_main_masked,action_9_25,0.007890433191260812,-0.001272991699044637,0.000483347746985663,0.6952380952380952,/data/users/junjie/workspace/hpc3_jhe724/outputs/research_q35/e3_s2control20k_015000/summary.json
e3_s2control20k_015000,210,teacher_main_masked,action_all,0.007666393809597052,-0.001125598290985051,0.00026076136212248714,0.6904761904761905,/data/users/junjie/workspace/hpc3_jhe724/outputs/research_q35/e3_s2control20k_015000/summary.json
e3_s2control20k_015000,210,teacher_main_masked,motion_fraction,0.2308943937222163,0.0,0.0,0.0,/data/users/junjie/workspace/hpc3_jhe724/outputs/research_q35/e3_s2control20k_015000/summary.json
e3_s2control20k_015000,210,teacher_main_masked,semantic_ratio,0.0019462423982068353,0.0019462423982068353,1.6059645037505502e-05,0.0,/data/users/junjie/workspace/hpc3_jhe724/outputs/research_q35/e3_s2control20k_015000/summary.json
e3_s2control20k_015000,210,teacher_main_masked,video,0.10041221763406481,-0.0006514746518362136,0.00011568344164674971,0.6571428571428571,/data/users/junjie/workspace/hpc3_jhe724/outputs/research_q35/e3_s2control20k_015000/summary.json
e3_s2control20k_015000,210,teacher_main_masked,video_main,0.04176918234720471,-1.3401760675367854e-05,3.3202309525543696e-05,0.4238095238095238,/data/users/junjie/workspace/hpc3_jhe724/outputs/research_q35/e3_s2control20k_015000/summary.json
e3_s2control20k_015000,210,teacher_main_masked,video_motion,0.2772347409455549,-0.0015743876142161233,0.00027893010195796647,0.6285714285714286,/data/users/junjie/workspace/hpc3_jhe724/outputs/research_q35/e3_s2control20k_015000/summary.json
e3_s2control20k_015000,210,teacher_main_masked,video_motion_main,0.2537277683260895,-0.0002918209525800887,0.00024925142354262266,0.42857142857142855,/data/users/junjie/workspace/hpc3_jhe724/outputs/research_q35/e3_s2control20k_015000/summary.json
e3_s2control20k_015000,210,teacher_main_masked,video_motion_wrist,0.30074171235873587,-0.0028569554289182026,0.0004620067569321432,0.6666666666666666,/data/users/junjie/workspace/hpc3_jhe724/outputs/research_q35/e3_s2control20k_015000/summary.json
e3_s2control20k_015000,210,teacher_main_masked,video_wrist,0.15905525341097798,-0.0012895473146012852,0.00022179404538061014,0.6714285714285714,/data/users/junjie/workspace/hpc3_jhe724/outputs/research_q35/e3_s2control20k_015000/summary.json
e3_s2control20k_020000,210,teacher,action_0_1,0.005363549165555187,-0.0007935341444819988,0.00019232437404416433,0.638095238095238,/data/users/junjie/workspace/hpc3_jhe724/outputs/research_q35/e3_s2control20k_020000/summary.json
e3_s2control20k_020000,210,teacher,action_1_9,0.004889057879890537,-0.0015168030233499372,0.00048484516598198377,0.7238095238095238,/data/users/junjie/workspace/hpc3_jhe724/outputs/research_q35/e3_s2control20k_020000/summary.json
e3_s2control20k_020000,210,teacher,action_25_36,0.004751643682677587,-0.0012325495139867556,0.0003286568815267072,0.7380952380952381,/data/users/junjie/workspace/hpc3_jhe724/outputs/research_q35/e3_s2control20k_020000/summary.json
e3_s2control20k_020000,210,teacher,action_9_25,0.005146623221281473,-0.0015480614701075303,0.00037750928327682327,0.7761904761904762,/data/users/junjie/workspace/hpc3_jhe724/outputs/research_q35/e3_s2control20k_020000/summary.json
e3_s2control20k_020000,210,teacher,action_all,0.004974723991333685,-0.0014237496458614867,0.00024731034211381844,0.8142857142857143,/data/users/junjie/workspace/hpc3_jhe724/outputs/research_q35/e3_s2control20k_020000/summary.json
e3_s2control20k_020000,210,teacher,motion_fraction,0.2308943937222163,0.0,0.0,0.0,/data/users/junjie/workspace/hpc3_jhe724/outputs/research_q35/e3_s2control20k_020000/summary.json
e3_s2control20k_020000,210,teacher,semantic_ratio,0.0029379936323125607,0.0029379936323125607,1.553553262149194e-05,0.0,/data/users/junjie/workspace/hpc3_jhe724/outputs/research_q35/e3_s2control20k_020000/summary.json
e3_s2control20k_020000,210,teacher,video,0.1003302717049207,-0.0005043193520534606,0.0001172691469616084,0.6238095238095238,/data/users/junjie/workspace/hpc3_jhe724/outputs/research_q35/e3_s2control20k_020000/summary.json
e3_s2control20k_020000,210,teacher,video_main,0.04157584516686343,-0.00014260474902888138,5.660534431967635e-05,0.4857142857142857,/data/users/junjie/workspace/hpc3_jhe724/outputs/research_q35/e3_s2control20k_020000/summary.json
e3_s2control20k_020000,210,teacher,video_motion,0.2765073923127992,-0.001726122981026059,0.00034285270445229765,0.6142857142857143,/data/users/junjie/workspace/hpc3_jhe724/outputs/research_q35/e3_s2control20k_020000/summary.json
e3_s2control20k_020000,210,teacher,video_motion_main,0.2526541279007991,-0.0009934273681470327,0.0003706787040873553,0.5190476190476191,/data/users/junjie/workspace/hpc3_jhe724/outputs/research_q35/e3_s2control20k_020000/summary.json
e3_s2control20k_020000,210,teacher,video_motion_wrist,0.30036065500406994,-0.0024588205629871005,0.0004956380990885364,0.6285714285714286,/data/users/junjie/workspace/hpc3_jhe724/outputs/research_q35/e3_s2control20k_020000/summary.json
e3_s2control20k_020000,210,teacher,video_wrist,0.1590846985312445,-0.0008660326933576947,0.00021818356845436848,0.6285714285714286,/data/users/junjie/workspace/hpc3_jhe724/outputs/research_q35/e3_s2control20k_020000/summary.json
e3_s2control20k_020000,210,semantic_disabled,action_0_1,0.006157083310037186,0.0,0.0,0.0,/data/users/junjie/workspace/hpc3_jhe724/outputs/research_q35/e3_s2control20k_020000/summary.json
e3_s2control20k_020000,210,semantic_disabled,action_1_9,0.006405860903240474,0.0,0.0,0.0,/data/users/junjie/workspace/hpc3_jhe724/outputs/research_q35/e3_s2control20k_020000/summary.json
e3_s2control20k_020000,210,semantic_disabled,action_25_36,0.005984193196664342,0.0,0.0,0.0,/data/users/junjie/workspace/hpc3_jhe724/outputs/research_q35/e3_s2control20k_020000/summary.json
e3_s2control20k_020000,210,semantic_disabled,action_9_25,0.006694684691389003,0.0,0.0,0.0,/data/users/junjie/workspace/hpc3_jhe724/outputs/research_q35/e3_s2control20k_020000/summary.json
e3_s2control20k_020000,210,semantic_disabled,action_all,0.006398473637195171,0.0,0.0,0.0,/data/users/junjie/workspace/hpc3_jhe724/outputs/research_q35/e3_s2control20k_020000/summary.json
e3_s2control20k_020000,210,semantic_disabled,motion_fraction,0.2308943937222163,0.0,0.0,0.0,/data/users/junjie/workspace/hpc3_jhe724/outputs/research_q35/e3_s2control20k_020000/summary.json
e3_s2control20k_020000,210,semantic_disabled,semantic_ratio,0.0,0.0,0.0,0.0,/data/users/junjie/workspace/hpc3_jhe724/outputs/research_q35/e3_s2control20k_020000/summary.json
e3_s2control20k_020000,210,semantic_disabled,video,0.10083459105697416,0.0,0.0,0.0,/data/users/junjie/workspace/hpc3_jhe724/outputs/research_q35/e3_s2control20k_020000/summary.json
e3_s2control20k_020000,210,semantic_disabled,video_main,0.04171844991589231,0.0,0.0,0.0,/data/users/junjie/workspace/hpc3_jhe724/outputs/research_q35/e3_s2control20k_020000/summary.json
e3_s2control20k_020000,210,semantic_disabled,video_motion,0.27823351529382523,0.0,0.0,0.0,/data/users/junjie/workspace/hpc3_jhe724/outputs/research_q35/e3_s2control20k_020000/summary.json
e3_s2control20k_020000,210,semantic_disabled,video_motion_main,0.25364755526894617,0.0,0.0,0.0,/data/users/junjie/workspace/hpc3_jhe724/outputs/research_q35/e3_s2control20k_020000/summary.json
e3_s2control20k_020000,210,semantic_disabled,video_motion_wrist,0.302819475567057,0.0,0.0,0.0,/data/users/junjie/workspace/hpc3_jhe724/outputs/research_q35/e3_s2control20k_020000/summary.json
e3_s2control20k_020000,210,semantic_disabled,video_wrist,0.15995073122460218,0.0,0.0,0.0,/data/users/junjie/workspace/hpc3_jhe724/outputs/research_q35/e3_s2control20k_020000/summary.json
e3_s2control20k_020000,210,teacher_wrist_masked,action_0_1,0.006238755098699282,8.167178866209551e-05,0.00012306394791651787,0.49523809523809526,/data/users/junjie/workspace/hpc3_jhe724/outputs/research_q35/e3_s2control20k_020000/summary.json
e3_s2control20k_020000,210,teacher_wrist_masked,action_1_9,0.006423142760676066,1.7281857435591518e-05,0.000205967844178391,0.5142857142857142,/data/users/junjie/workspace/hpc3_jhe724/outputs/research_q35/e3_s2control20k_020000/summary.json
e3_s2control20k_020000,210,teacher_wrist_masked,action_25_36,0.005545870933080247,-0.0004383222635840953,0.00018315242174402166,0.5571428571428572,/data/users/junjie/workspace/hpc3_jhe724/outputs/research_q35/e3_s2control20k_020000/summary.json
e3_s2control20k_020000,210,teacher_wrist_masked,action_9_25,0.00680413966675544,0.00010945497536643719,0.0003314045846365227,0.5619047619047619,/data/users/junjie/workspace/hpc3_jhe724/outputs/research_q35/e3_s2control20k_020000/summary.json
e3_s2control20k_020000,210,teacher_wrist_masked,action_all,0.006319297612866475,-7.917602432869553e-05,0.00018733936771387586,0.5476190476190477,/data/users/junjie/workspace/hpc3_jhe724/outputs/research_q35/e3_s2control20k_020000/summary.json
e3_s2control20k_020000,210,teacher_wrist_masked,motion_fraction,0.2308943937222163,0.0,0.0,0.0,/data/users/junjie/workspace/hpc3_jhe724/outputs/research_q35/e3_s2control20k_020000/summary.json
e3_s2control20k_020000,210,teacher_wrist_masked,semantic_ratio,0.0019053724693575181,0.0019053724693575181,8.592475868143501e-06,0.0,/data/users/junjie/workspace/hpc3_jhe724/outputs/research_q35/e3_s2control20k_020000/summary.json
e3_s2control20k_020000,210,teacher_wrist_masked,video,0.10088433573643367,4.974467945950372e-05,6.938951217057449e-05,0.4714285714285714,/data/users/junjie/workspace/hpc3_jhe724/outputs/research_q35/e3_s2control20k_020000/summary.json
e3_s2control20k_020000,210,teacher_wrist_masked,video_main,0.04160584661045245,-0.00011260330543986389,5.729551676874321e-05,0.5333333333333333,/data/users/junjie/workspace/hpc3_jhe724/outputs/research_q35/e3_s2control20k_020000/summary.json
e3_s2control20k_020000,210,teacher_wrist_masked,video_motion,0.2781177764492376,-0.00011573884458768936,0.0002308960932915903,0.4666666666666667,/data/users/junjie/workspace/hpc3_jhe724/outputs/research_q35/e3_s2control20k_020000/summary.json
e3_s2control20k_020000,210,teacher_wrist_masked,video_motion_main,0.2529219977557659,-0.0007255575131802332,0.0003454469304718507,0.5428571428571428,/data/users/junjie/workspace/hpc3_jhe724/outputs/research_q35/e3_s2control20k_020000/summary.json
e3_s2control20k_020000,210,teacher_wrist_masked,video_motion_wrist,0.30331355326232456,0.000494077695267541,0.0003099423896341988,0.44285714285714284,/data/users/junjie/workspace/hpc3_jhe724/outputs/research_q35/e3_s2control20k_020000/summary.json
e3_s2control20k_020000,210,teacher_wrist_masked,video_wrist,0.16016282496885176,0.00021209374424957094,0.00012696500991237974,0.46190476190476193,/data/users/junjie/workspace/hpc3_jhe724/outputs/research_q35/e3_s2control20k_020000/summary.json
e3_s2control20k_020000,210,teacher_main_masked,action_0_1,0.005555343213200103,-0.0006017400968370826,0.00018545556510076277,0.6095238095238096,/data/users/junjie/workspace/hpc3_jhe724/outputs/research_q35/e3_s2control20k_020000/summary.json
e3_s2control20k_020000,210,teacher_main_masked,action_1_9,0.0053347846949084975,-0.001071076208331977,0.00029111894941926677,0.7047619047619048,/data/users/junjie/workspace/hpc3_jhe724/outputs/research_q35/e3_s2control20k_020000/summary.json
e3_s2control20k_020000,210,teacher_main_masked,action_25_36,0.00499769763645461,-0.0009864955602097325,0.0003123669068553594,0.7047619047619048,/data/users/junjie/workspace/hpc3_jhe724/outputs/research_q35/e3_s2control20k_020000/summary.json
e3_s2control20k_020000,210,teacher_main_masked,action_9_25,0.005303158982202322,-0.0013915257091866805,0.0004438853528075912,0.719047619047619,/data/users/junjie/workspace/hpc3_jhe724/outputs/research_q35/e3_s2control20k_020000/summary.json
e3_s2control20k_020000,210,teacher_main_masked,action_all,0.005223856634776374,-0.001174617002418797,0.00024597085831171465,0.7428571428571429,/data/users/junjie/workspace/hpc3_jhe724/outputs/research_q35/e3_s2control20k_020000/summary.json
e3_s2control20k_020000,210,teacher_main_masked,motion_fraction,0.2308943937222163,0.0,0.0,0.0,/data/users/junjie/workspace/hpc3_jhe724/outputs/research_q35/e3_s2control20k_020000/summary.json
e3_s2control20k_020000,210,teacher_main_masked,semantic_ratio,0.0022263778313583297,0.0022263778313583297,1.6866586493790766e-05,0.0,/data/users/junjie/workspace/hpc3_jhe724/outputs/research_q35/e3_s2control20k_020000/summary.json
e3_s2control20k_020000,210,teacher_main_masked,video,0.1002779363344113,-0.000556654722562858,0.00012155566594770685,0.6476190476190476,/data/users/junjie/workspace/hpc3_jhe724/outputs/research_q35/e3_s2control20k_020000/summary.json
e3_s2control20k_020000,210,teacher_main_masked,video_main,0.041707449739000625,-1.1000176891684533e-05,3.192727330989923e-05,0.40476190476190477,/data/users/junjie/workspace/hpc3_jhe724/outputs/research_q35/e3_s2control20k_020000/summary.json
e3_s2control20k_020000,210,teacher_main_masked,video_motion,0.27666483014112425,-0.001568685152700969,0.0002985534512301984,0.6095238095238096,/data/users/junjie/workspace/hpc3_jhe724/outputs/research_q35/e3_s2control20k_020000/summary.json
e3_s2control20k_020000,210,teacher_main_masked,video_motion_main,0.2533570114345778,-0.00029054383436838784,0.00023782807116245295,0.4,/data/users/junjie/workspace/hpc3_jhe724/outputs/research_q35/e3_s2control20k_020000/summary.json
e3_s2control20k_020000,210,teacher_main_masked,video_motion_wrist,0.29997264920246036,-0.0028468263645966847,0.0005072352261627254,0.638095238095238,/data/users/junjie/workspace/hpc3_jhe724/outputs/research_q35/e3_s2control20k_020000/summary.json
e3_s2control20k_020000,210,teacher_main_masked,video_wrist,0.1588484224907699,-0.0011023087338322686,0.0002335939795656881,0.6619047619047619,/data/users/junjie/workspace/hpc3_jhe724/outputs/research_q35/e3_s2control20k_020000/summary.json
e3_s3plan_p100_003000,210,teacher,action_0_1,0.008396008290513972,-0.006465112066819399,0.0010959947011101572,0.7952380952380952,/data/users/junjie/workspace/hpc3_jhe724/outputs/research_q35/e3_s3plan_p100_003000/summary.json
e3_s3plan_p100_003000,210,teacher,action_1_9,0.006216789805330336,-0.005309885099164344,0.0008492405965916921,0.8666666666666667,/data/users/junjie/workspace/hpc3_jhe724/outputs/research_q35/e3_s3plan_p100_003000/summary.json
e3_s3plan_p100_003000,210,teacher,action_25_36,0.007783957153774931,-0.0047000489293298284,0.0007460274150024864,0.919047619047619,/data/users/junjie/workspace/hpc3_jhe724/outputs/research_q35/e3_s3plan_p100_003000/summary.json
e3_s3plan_p100_003000,210,teacher,action_9_25,0.006821411365221831,-0.004707657434794653,0.0008287522587924405,0.9095238095238095,/data/users/junjie/workspace/hpc3_jhe724/outputs/research_q35/e3_s3plan_p100_003000/summary.json
e3_s3plan_p100_003000,210,teacher,action_all,0.007024901054544552,-0.00488797919602976,0.0005742120398058966,0.9333333333333333,/data/users/junjie/workspace/hpc3_jhe724/outputs/research_q35/e3_s3plan_p100_003000/summary.json
e3_s3plan_p100_003000,210,teacher,motion_fraction,0.2308943937222163,0.0,0.0,0.0,/data/users/junjie/workspace/hpc3_jhe724/outputs/research_q35/e3_s3plan_p100_003000/summary.json
e3_s3plan_p100_003000,210,teacher,semantic_ratio,0.018568509509098344,0.018568509509098344,5.3996938142365925e-05,0.0,/data/users/junjie/workspace/hpc3_jhe724/outputs/research_q35/e3_s3plan_p100_003000/summary.json
e3_s3plan_p100_003000,210,teacher,video,0.10034800805151463,-9.410855848164785e-05,0.00017591382819735258,0.44285714285714284,/data/users/junjie/workspace/hpc3_jhe724/outputs/research_q35/e3_s3plan_p100_003000/summary.json
e3_s3plan_p100_003000,210,teacher,video_main,0.041591648795154125,9.169311351364567e-05,0.0001691775660086602,0.4857142857142857,/data/users/junjie/workspace/hpc3_jhe724/outputs/research_q35/e3_s3plan_p100_003000/summary.json
e3_s3plan_p100_003000,210,teacher,video_motion,0.27610452859884216,-0.00063508397766522,0.0006636407046370807,0.45714285714285713,/data/users/junjie/workspace/hpc3_jhe724/outputs/research_q35/e3_s3plan_p100_003000/summary.json
e3_s3plan_p100_003000,210,teacher,video_motion_main,0.2520697773035083,7.033215037414006e-05,0.0010528405731305983,0.45714285714285713,/data/users/junjie/workspace/hpc3_jhe724/outputs/research_q35/e3_s3plan_p100_003000/summary.json
e3_s3plan_p100_003000,210,teacher,video_motion_wrist,0.3001392798054786,-0.0013405018264339083,0.0005847966399256455,0.5190476190476191,/data/users/junjie/workspace/hpc3_jhe724/outputs/research_q35/e3_s3plan_p100_003000/summary.json
e3_s3plan_p100_003000,210,teacher,video_wrist,0.1591043672480044,-0.00027991024156411487,0.00027045056555642953,0.5047619047619047,/data/users/junjie/workspace/hpc3_jhe724/outputs/research_q35/e3_s3plan_p100_003000/summary.json
e3_s3plan_p100_003000,210,semantic_disabled,action_0_1,0.014861120357333371,0.0,0.0,0.0,/data/users/junjie/workspace/hpc3_jhe724/outputs/research_q35/e3_s3plan_p100_003000/summary.json
e3_s3plan_p100_003000,210,semantic_disabled,action_1_9,0.01152667490449468,0.0,0.0,0.0,/data/users/junjie/workspace/hpc3_jhe724/outputs/research_q35/e3_s3plan_p100_003000/summary.json
e3_s3plan_p100_003000,210,semantic_disabled,action_25_36,0.01248400608310476,0.0,0.0,0.0,/data/users/junjie/workspace/hpc3_jhe724/outputs/research_q35/e3_s3plan_p100_003000/summary.json
e3_s3plan_p100_003000,210,semantic_disabled,action_9_25,0.011529068800016484,0.0,0.0,0.0,/data/users/junjie/workspace/hpc3_jhe724/outputs/research_q35/e3_s3plan_p100_003000/summary.json
e3_s3plan_p100_003000,210,semantic_disabled,action_all,0.011912880250574312,0.0,0.0,0.0,/data/users/junjie/workspace/hpc3_jhe724/outputs/research_q35/e3_s3plan_p100_003000/summary.json
e3_s3plan_p100_003000,210,semantic_disabled,motion_fraction,0.2308943937222163,0.0,0.0,0.0,/data/users/junjie/workspace/hpc3_jhe724/outputs/research_q35/e3_s3plan_p100_003000/summary.json
e3_s3plan_p100_003000,210,semantic_disabled,semantic_ratio,0.0,0.0,0.0,0.0,/data/users/junjie/workspace/hpc3_jhe724/outputs/research_q35/e3_s3plan_p100_003000/summary.json
e3_s3plan_p100_003000,210,semantic_disabled,video,0.10044211660999627,0.0,0.0,0.0,/data/users/junjie/workspace/hpc3_jhe724/outputs/research_q35/e3_s3plan_p100_003000/summary.json
e3_s3plan_p100_003000,210,semantic_disabled,video_main,0.04149995568164048,0.0,0.0,0.0,/data/users/junjie/workspace/hpc3_jhe724/outputs/research_q35/e3_s3plan_p100_003000/summary.json
e3_s3plan_p100_003000,210,semantic_disabled,video_motion,0.27673961257650737,0.0,0.0,0.0,/data/users/junjie/workspace/hpc3_jhe724/outputs/research_q35/e3_s3plan_p100_003000/summary.json
e3_s3plan_p100_003000,210,semantic_disabled,video_motion_main,0.2519994451531342,0.0,0.0,0.0,/data/users/junjie/workspace/hpc3_jhe724/outputs/research_q35/e3_s3plan_p100_003000/summary.json
e3_s3plan_p100_003000,210,semantic_disabled,video_motion_wrist,0.3014797816319125,0.0,0.0,0.0,/data/users/junjie/workspace/hpc3_jhe724/outputs/research_q35/e3_s3plan_p100_003000/summary.json
e3_s3plan_p100_003000,210,semantic_disabled,video_wrist,0.15938427748956852,0.0,0.0,0.0,/data/users/junjie/workspace/hpc3_jhe724/outputs/research_q35/e3_s3plan_p100_003000/summary.json
e3_s3plan_p100_003000,210,planner,action_0_1,0.03807715404823068,0.023216033690897305,0.006221605058704195,0.24761904761904763,/data/users/junjie/workspace/hpc3_jhe724/outputs/research_q35/e3_s3plan_p100_003000/summary.json
e3_s3plan_p100_003000,210,planner,action_1_9,0.028421955777143706,0.016895280872649025,0.004410301085976782,0.18571428571428572,/data/users/junjie/workspace/hpc3_jhe724/outputs/research_q35/e3_s3plan_p100_003000/summary.json
e3_s3plan_p100_003000,210,planner,action_25_36,0.026640432370394204,0.014156426287289442,0.003167057057255188,0.1761904761904762,/data/users/junjie/workspace/hpc3_jhe724/outputs/research_q35/e3_s3plan_p100_003000/summary.json
e3_s3plan_p100_003000,210,planner,action_9_25,0.026871747604482587,0.015342678804466102,0.004704084286995203,0.1619047619047619,/data/users/junjie/workspace/hpc3_jhe724/outputs/research_q35/e3_s3plan_p100_003000/summary.json
e3_s3plan_p100_003000,210,planner,action_all,0.027456819684344477,0.015543939433770165,0.004006549641149163,0.15714285714285714,/data/users/junjie/workspace/hpc3_jhe724/outputs/research_q35/e3_s3plan_p100_003000/summary.json
e3_s3plan_p100_003000,210,planner,motion_fraction,0.2308943937222163,0.0,0.0,0.0,/data/users/junjie/workspace/hpc3_jhe724/outputs/research_q35/e3_s3plan_p100_003000/summary.json
e3_s3plan_p100_003000,210,planner,semantic_ratio,0.01661212393185408,0.01661212393185408,6.293305535451314e-05,0.0,/data/users/junjie/workspace/hpc3_jhe724/outputs/research_q35/e3_s3plan_p100_003000/summary.json
e3_s3plan_p100_003000,210,planner,video,0.1011130056743111,0.0006708890643148196,0.00019413343411183763,0.3952380952380952,/data/users/junjie/workspace/hpc3_jhe724/outputs/research_q35/e3_s3plan_p100_003000/summary.json
e3_s3plan_p100_003000,210,planner,video_main,0.042105562191101766,0.0006056065094612894,0.0001597673015424434,0.4142857142857143,/data/users/junjie/workspace/hpc3_jhe724/outputs/research_q35/e3_s3plan_p100_003000/summary.json
e3_s3plan_p100_003000,210,planner,video_motion,0.2802581976921785,0.003518585115671158,0.000756672889842315,0.3333333333333333,/data/users/junjie/workspace/hpc3_jhe724/outputs/research_q35/e3_s3plan_p100_003000/summary.json
e3_s3plan_p100_003000,210,planner,video_motion_main,0.257332472716059,0.005333027562924794,0.001045682389237021,0.3380952380952381,/data/users/junjie/workspace/hpc3_jhe724/outputs/research_q35/e3_s3plan_p100_003000/summary.json
e3_s3plan_p100_003000,210,planner,video_motion_wrist,0.30318392202967687,0.0017041403977643877,0.0007802081677129692,0.41904761904761906,/data/users/junjie/workspace/hpc3_jhe724/outputs/research_q35/e3_s3plan_p100_003000/summary.json
e3_s3plan_p100_003000,210,planner,video_wrist,0.16012044968526987,0.0007361721957013721,0.000310068594186351,0.42857142857142855,/data/users/junjie/workspace/hpc3_jhe724/outputs/research_q35/e3_s3plan_p100_003000/summary.json
e3_s3plan_p100_003000,210,planner_wrist_masked,action_0_1,0.03807715404823068,0.023216033690897305,0.006221605058704195,0.24761904761904763,/data/users/junjie/workspace/hpc3_jhe724/outputs/research_q35/e3_s3plan_p100_003000/summary.json
e3_s3plan_p100_003000,210,planner_wrist_masked,action_1_9,0.028421955777143706,0.016895280872649025,0.004410301085976782,0.18571428571428572,/data/users/junjie/workspace/hpc3_jhe724/outputs/research_q35/e3_s3plan_p100_003000/summary.json
e3_s3plan_p100_003000,210,planner_wrist_masked,action_25_36,0.026640432370394204,0.014156426287289442,0.003167057057255188,0.1761904761904762,/data/users/junjie/workspace/hpc3_jhe724/outputs/research_q35/e3_s3plan_p100_003000/summary.json
e3_s3plan_p100_003000,210,planner_wrist_masked,action_9_25,0.026871747604482587,0.015342678804466102,0.004704084286995203,0.1619047619047619,/data/users/junjie/workspace/hpc3_jhe724/outputs/research_q35/e3_s3plan_p100_003000/summary.json
e3_s3plan_p100_003000,210,planner_wrist_masked,action_all,0.027456819684344477,0.015543939433770165,0.004006549641149163,0.15714285714285714,/data/users/junjie/workspace/hpc3_jhe724/outputs/research_q35/e3_s3plan_p100_003000/summary.json
e3_s3plan_p100_003000,210,planner_wrist_masked,motion_fraction,0.2308943937222163,0.0,0.0,0.0,/data/users/junjie/workspace/hpc3_jhe724/outputs/research_q35/e3_s3plan_p100_003000/summary.json
e3_s3plan_p100_003000,210,planner_wrist_masked,semantic_ratio,0.01661212393185408,0.01661212393185408,6.293305535451314e-05,0.0,/data/users/junjie/workspace/hpc3_jhe724/outputs/research_q35/e3_s3plan_p100_003000/summary.json
e3_s3plan_p100_003000,210,planner_wrist_masked,video,0.1011130056743111,0.0006708890643148196,0.00019413343411183763,0.3952380952380952,/data/users/junjie/workspace/hpc3_jhe724/outputs/research_q35/e3_s3plan_p100_003000/summary.json
e3_s3plan_p100_003000,210,planner_wrist_masked,video_main,0.042105562191101766,0.0006056065094612894,0.0001597673015424434,0.4142857142857143,/data/users/junjie/workspace/hpc3_jhe724/outputs/research_q35/e3_s3plan_p100_003000/summary.json
e3_s3plan_p100_003000,210,planner_wrist_masked,video_motion,0.2802581976921785,0.003518585115671158,0.000756672889842315,0.3333333333333333,/data/users/junjie/workspace/hpc3_jhe724/outputs/research_q35/e3_s3plan_p100_003000/summary.json
e3_s3plan_p100_003000,210,planner_wrist_masked,video_motion_main,0.257332472716059,0.005333027562924794,0.001045682389237021,0.3380952380952381,/data/users/junjie/workspace/hpc3_jhe724/outputs/research_q35/e3_s3plan_p100_003000/summary.json
e3_s3plan_p100_003000,210,planner_wrist_masked,video_motion_wrist,0.30318392202967687,0.0017041403977643877,0.0007802081677129692,0.41904761904761906,/data/users/junjie/workspace/hpc3_jhe724/outputs/research_q35/e3_s3plan_p100_003000/summary.json
e3_s3plan_p100_003000,210,planner_wrist_masked,video_wrist,0.16012044968526987,0.0007361721957013721,0.000310068594186351,0.42857142857142855,/data/users/junjie/workspace/hpc3_jhe724/outputs/research_q35/e3_s3plan_p100_003000/summary.json
e3_s3plan_p100_003000,210,planner_main_masked,action_0_1,0.014861120357333371,0.0,0.0,0.0,/data/users/junjie/workspace/hpc3_jhe724/outputs/research_q35/e3_s3plan_p100_003000/summary.json
e3_s3plan_p100_003000,210,planner_main_masked,action_1_9,0.01152667490449468,0.0,0.0,0.0,/data/users/junjie/workspace/hpc3_jhe724/outputs/research_q35/e3_s3plan_p100_003000/summary.json
e3_s3plan_p100_003000,210,planner_main_masked,action_25_36,0.01248400608310476,0.0,0.0,0.0,/data/users/junjie/workspace/hpc3_jhe724/outputs/research_q35/e3_s3plan_p100_003000/summary.json
e3_s3plan_p100_003000,210,planner_main_masked,action_9_25,0.011529068800016484,0.0,0.0,0.0,/data/users/junjie/workspace/hpc3_jhe724/outputs/research_q35/e3_s3plan_p100_003000/summary.json
e3_s3plan_p100_003000,210,planner_main_masked,action_all,0.011912880250574312,0.0,0.0,0.0,/data/users/junjie/workspace/hpc3_jhe724/outputs/research_q35/e3_s3plan_p100_003000/summary.json
e3_s3plan_p100_003000,210,planner_main_masked,motion_fraction,0.2308943937222163,0.0,0.0,0.0,/data/users/junjie/workspace/hpc3_jhe724/outputs/research_q35/e3_s3plan_p100_003000/summary.json
e3_s3plan_p100_003000,210,planner_main_masked,semantic_ratio,0.0,0.0,0.0,0.0,/data/users/junjie/workspace/hpc3_jhe724/outputs/research_q35/e3_s3plan_p100_003000/summary.json
e3_s3plan_p100_003000,210,planner_main_masked,video,0.10044211660999627,0.0,0.0,0.0,/data/users/junjie/workspace/hpc3_jhe724/outputs/research_q35/e3_s3plan_p100_003000/summary.json
e3_s3plan_p100_003000,210,planner_main_masked,video_main,0.04149995568164048,0.0,0.0,0.0,/data/users/junjie/workspace/hpc3_jhe724/outputs/research_q35/e3_s3plan_p100_003000/summary.json
e3_s3plan_p100_003000,210,planner_main_masked,video_motion,0.27673961257650737,0.0,0.0,0.0,/data/users/junjie/workspace/hpc3_jhe724/outputs/research_q35/e3_s3plan_p100_003000/summary.json
e3_s3plan_p100_003000,210,planner_main_masked,video_motion_main,0.2519994451531342,0.0,0.0,0.0,/data/users/junjie/workspace/hpc3_jhe724/outputs/research_q35/e3_s3plan_p100_003000/summary.json
e3_s3plan_p100_003000,210,planner_main_masked,video_motion_wrist,0.3014797816319125,0.0,0.0,0.0,/data/users/junjie/workspace/hpc3_jhe724/outputs/research_q35/e3_s3plan_p100_003000/summary.json
e3_s3plan_p100_003000,210,planner_main_masked,video_wrist,0.15938427748956852,0.0,0.0,0.0,/data/users/junjie/workspace/hpc3_jhe724/outputs/research_q35/e3_s3plan_p100_003000/summary.json
e3_smoke_cci,4,teacher,action_0_1,0.2860605735331774,-0.000653587281703949,0.0020114277690815364,0.25,/data/users/junjie/workspace/hpc3_jhe724/outputs/research_q35/e3_smoke_cci/summary.json
e3_smoke_cci,4,teacher,action_1_9,0.0982328150421381,-0.003396950662136078,0.0024496467276711497,0.75,/data/users/junjie/workspace/hpc3_jhe724/outputs/research_q35/e3_smoke_cci/summary.json
e3_smoke_cci,4,teacher,action_25_36,0.08776798378676176,-0.005744697526097298,0.004121301329406155,0.75,/data/users/junjie/workspace/hpc3_jhe724/outputs/research_q35/e3_smoke_cci/summary.json
e3_smoke_cci,4,teacher,action_9_25,0.05296468874439597,0.0005594897083938122,0.0011162785637666953,0.5,/data/users/junjie/workspace/hpc3_jhe724/outputs/research_q35/e3_smoke_cci/summary.json
e3_smoke_cci,4,teacher,action_all,0.08013349585235119,-0.0022796988487243652,0.0017798098350376925,0.75,/data/users/junjie/workspace/hpc3_jhe724/outputs/research_q35/e3_smoke_cci/summary.json
e3_smoke_cci,4,teacher,motion_fraction,0.26225026324391365,0.0,0.0,0.0,/data/users/junjie/workspace/hpc3_jhe724/outputs/research_q35/e3_smoke_cci/summary.json
e3_smoke_cci,4,teacher,semantic_ratio,0.0006420791421386899,0.0006420791421386899,4.340445682415892e-06,0.0,/data/users/junjie/workspace/hpc3_jhe724/outputs/research_q35/e3_smoke_cci/summary.json
e3_smoke_cci,4,teacher,video,0.11421859636902809,0.0001247171312570572,0.0006537051409685314,0.25,/data/users/junjie/workspace/hpc3_jhe724/outputs/research_q35/e3_smoke_cci/summary.json
e3_smoke_cci,4,teacher,video_main,0.027060265187174082,0.000112130306661129,0.0001075842952098079,0.25,/data/users/junjie/workspace/hpc3_jhe724/outputs/research_q35/e3_smoke_cci/summary.json
e3_smoke_cci,4,teacher,video_motion,0.29110071435570717,0.0007784292101860046,0.0010052129391089225,0.25,/data/users/junjie/workspace/hpc3_jhe724/outputs/research_q35/e3_smoke_cci/summary.json
e3_smoke_cci,4,teacher,video_motion_main,0.1905546449124813,0.0006879754364490509,0.0007908393757936758,0.25,/data/users/junjie/workspace/hpc3_jhe724/outputs/research_q35/e3_smoke_cci/summary.json
e3_smoke_cci,4,teacher,video_motion_wrist,0.39164678379893303,0.0008688829839229584,0.002225235850421846,0.25,/data/users/junjie/workspace/hpc3_jhe724/outputs/research_q35/e3_smoke_cci/summary.json
e3_smoke_cci,4,teacher,video_wrist,0.2013769280165434,0.00013730674982070923,0.001318506471438753,0.25,/data/users/junjie/workspace/hpc3_jhe724/outputs/research_q35/e3_smoke_cci/summary.json
e3_smoke_cci,4,semantic_disabled,action_0_1,0.2867141608148813,0.0,0.0,0.0,/data/users/junjie/workspace/hpc3_jhe724/outputs/research_q35/e3_smoke_cci/summary.json
e3_smoke_cci,4,semantic_disabled,action_1_9,0.10162976570427418,0.0,0.0,0.0,/data/users/junjie/workspace/hpc3_jhe724/outputs/research_q35/e3_smoke_cci/summary.json
e3_smoke_cci,4,semantic_disabled,action_25_36,0.09351268131285906,0.0,0.0,0.0,/data/users/junjie/workspace/hpc3_jhe724/outputs/research_q35/e3_smoke_cci/summary.json
e3_smoke_cci,4,semantic_disabled,action_9_25,0.05240519903600216,0.0,0.0,0.0,/data/users/junjie/workspace/hpc3_jhe724/outputs/research_q35/e3_smoke_cci/summary.json
e3_smoke_cci,4,semantic_disabled,action_all,0.08241319470107555,0.0,0.0,0.0,/data/users/junjie/workspace/hpc3_jhe724/outputs/research_q35/e3_smoke_cci/summary.json
e3_smoke_cci,4,semantic_disabled,motion_fraction,0.26225026324391365,0.0,0.0,0.0,/data/users/junjie/workspace/hpc3_jhe724/outputs/research_q35/e3_smoke_cci/summary.json
e3_smoke_cci,4,semantic_disabled,semantic_ratio,0.0,0.0,0.0,0.0,/data/users/junjie/workspace/hpc3_jhe724/outputs/research_q35/e3_smoke_cci/summary.json
e3_smoke_cci,4,semantic_disabled,video,0.11409387923777103,0.0,0.0,0.0,/data/users/junjie/workspace/hpc3_jhe724/outputs/research_q35/e3_smoke_cci/summary.json
e3_smoke_cci,4,semantic_disabled,video_main,0.026948134880512953,0.0,0.0,0.0,/data/users/junjie/workspace/hpc3_jhe724/outputs/research_q35/e3_smoke_cci/summary.json
e3_smoke_cci,4,semantic_disabled,video_motion,0.29032228514552116,0.0,0.0,0.0,/data/users/junjie/workspace/hpc3_jhe724/outputs/research_q35/e3_smoke_cci/summary.json
e3_smoke_cci,4,semantic_disabled,video_motion_main,0.18986666947603226,0.0,0.0,0.0,/data/users/junjie/workspace/hpc3_jhe724/outputs/research_q35/e3_smoke_cci/summary.json
e3_smoke_cci,4,semantic_disabled,video_motion_wrist,0.39077790081501007,0.0,0.0,0.0,/data/users/junjie/workspace/hpc3_jhe724/outputs/research_q35/e3_smoke_cci/summary.json
e3_smoke_cci,4,semantic_disabled,video_wrist,0.20123962126672268,0.0,0.0,0.0,/data/users/junjie/workspace/hpc3_jhe724/outputs/research_q35/e3_smoke_cci/summary.json
e3_smoke_cci,4,teacher_wrist_masked,action_0_1,0.2853344436734915,-0.0013797171413898468,0.004357412787631396,0.5,/data/users/junjie/workspace/hpc3_jhe724/outputs/research_q35/e3_smoke_cci/summary.json
e3_smoke_cci,4,teacher_wrist_masked,action_1_9,0.09763184189796448,-0.0039979238063097,0.00396395261702312,0.75,/data/users/junjie/workspace/hpc3_jhe724/outputs/research_q35/e3_smoke_cci/summary.json
e3_smoke_cci,4,teacher_wrist_masked,action_25_36,0.09186812024563551,-0.0016445610672235489,0.008970571921364414,0.5,/data/users/junjie/workspace/hpc3_jhe724/outputs/research_q35/e3_smoke_cci/summary.json
e3_smoke_cci,4,teacher_wrist_masked,action_9_25,0.05365441832691431,0.0012492192909121513,0.0009781081147582618,0.5,/data/users/junjie/workspace/hpc3_jhe724/outputs/research_q35/e3_smoke_cci/summary.json
e3_smoke_cci,4,teacher_wrist_masked,action_all,0.08153914287686348,-0.0008740518242120743,0.0034983968477989855,0.5,/data/users/junjie/workspace/hpc3_jhe724/outputs/research_q35/e3_smoke_cci/summary.json
e3_smoke_cci,4,teacher_wrist_masked,motion_fraction,0.26225026324391365,0.0,0.0,0.0,/data/users/junjie/workspace/hpc3_jhe724/outputs/research_q35/e3_smoke_cci/summary.json
e3_smoke_cci,4,teacher_wrist_masked,semantic_ratio,0.00041999561685242623,0.00041999561685242623,2.02420144615223e-06,0.0,/data/users/junjie/workspace/hpc3_jhe724/outputs/research_q35/e3_smoke_cci/summary.json
e3_smoke_cci,4,teacher_wrist_masked,video,0.114915881305933,0.0008220020681619644,0.0004354018246110446,0.25,/data/users/junjie/workspace/hpc3_jhe724/outputs/research_q35/e3_smoke_cci/summary.json
e3_smoke_cci,4,teacher_wrist_masked,video_main,0.027053560130298138,0.00010542524978518486,0.00012316132482703866,0.25,/data/users/junjie/workspace/hpc3_jhe724/outputs/research_q35/e3_smoke_cci/summary.json
e3_smoke_cci,4,teacher_wrist_masked,video_motion,0.2929486334323883,0.0026263482868671417,0.0009994839557048193,0.0,/data/users/junjie/workspace/hpc3_jhe724/outputs/research_q35/e3_smoke_cci/summary.json
e3_smoke_cci,4,teacher_wrist_masked,video_motion_main,0.19078748673200607,0.0009208172559738159,0.0007256780559443217,0.5,/data/users/junjie/workspace/hpc3_jhe724/outputs/research_q35/e3_smoke_cci/summary.json
e3_smoke_cci,4,teacher_wrist_masked,video_motion_wrist,0.39510978385806084,0.004331883043050766,0.0019168733689280634,0.0,/data/users/junjie/workspace/hpc3_jhe724/outputs/research_q35/e3_smoke_cci/summary.json
e3_smoke_cci,4,teacher_wrist_masked,video_wrist,0.20277819968760014,0.0015385784208774567,0.0008455493000210973,0.0,/data/users/junjie/workspace/hpc3_jhe724/outputs/research_q35/e3_smoke_cci/summary.json
e3_smoke_cci,4,teacher_main_masked,action_0_1,0.2869757916778326,0.0002616308629512787,0.0027556673383491125,0.5,/data/users/junjie/workspace/hpc3_jhe724/outputs/research_q35/e3_smoke_cci/summary.json
e3_smoke_cci,4,teacher_main_masked,action_1_9,0.10387266427278519,0.002242898568511009,0.0017825656545268,0.25,/data/users/junjie/workspace/hpc3_jhe724/outputs/research_q35/e3_smoke_cci/summary.json
e3_smoke_cci,4,teacher_main_masked,action_25_36,0.09329882357269526,-0.0002138577401638031,0.0025928959190932212,0.25,/data/users/junjie/workspace/hpc3_jhe724/outputs/research_q35/e3_smoke_cci/summary.json
e3_smoke_cci,4,teacher_main_masked,action_9_25,0.053038692101836205,0.0006334930658340454,0.0016189174715117618,0.25,/data/users/junjie/workspace/hpc3_jhe724/outputs/research_q35/e3_smoke_cci/summary.json
e3_smoke_cci,4,teacher_main_masked,action_all,0.08313508704304695,0.0007218923419713974,0.0010548344768972194,0.25,/data/users/junjie/workspace/hpc3_jhe724/outputs/research_q35/e3_smoke_cci/summary.json
e3_smoke_cci,4,teacher_main_masked,motion_fraction,0.26225026324391365,0.0,0.0,0.0,/data/users/junjie/workspace/hpc3_jhe724/outputs/research_q35/e3_smoke_cci/summary.json
e3_smoke_cci,4,teacher_main_masked,semantic_ratio,0.00047191882462941845,0.00047191882462941845,4.908255366238097e-06,0.0,/data/users/junjie/workspace/hpc3_jhe724/outputs/research_q35/e3_smoke_cci/summary.json
e3_smoke_cci,4,teacher_main_masked,video,0.11402745544910431,-6.642378866672516e-05,0.00036389654133306637,0.75,/data/users/junjie/workspace/hpc3_jhe724/outputs/research_q35/e3_smoke_cci/summary.json
e3_smoke_cci,4,teacher_main_masked,video_main,0.026947564911097288,-5.699694156646729e-07,3.9580385867777e-05,0.5,/data/users/junjie/workspace/hpc3_jhe724/outputs/research_q35/e3_smoke_cci/summary.json
e3_smoke_cci,4,teacher_main_masked,video_motion,0.2900925874710083,-0.00022969767451286316,0.00036090140186463635,0.75,/data/users/junjie/workspace/hpc3_jhe724/outputs/research_q35/e3_smoke_cci/summary.json
e3_smoke_cci,4,teacher_main_masked,video_motion_main,0.18977129459381104,-9.537488222122192e-05,0.00031917495770758135,0.5,/data/users/junjie/workspace/hpc3_jhe724/outputs/research_q35/e3_smoke_cci/summary.json
e3_smoke_cci,4,teacher_main_masked,video_motion_wrist,0.39041386917233467,-0.0003640316426753998,0.0010379603047551437,0.5,/data/users/junjie/workspace/hpc3_jhe724/outputs/research_q35/e3_smoke_cci/summary.json
e3_smoke_cci,4,teacher_main_masked,video_wrist,0.20110734552145004,-0.00013227574527263641,0.0007598473209873244,0.75,/data/users/junjie/workspace/hpc3_jhe724/outputs/research_q35/e3_smoke_cci/summary.json
e3p_s2add_main20k_cci_r2_005000,210,teacher,action_0_1,0.16230584157054267,-0.1063052899802902,0.012904064807414144,0.8333333333333334,/data/users/junjie/workspace/hpc3_jhe724/outputs/research_q35/e3p_s2add_main20k_cci_r2_005000/summary.json
e3p_s2add_main20k_cci_r2_005000,210,teacher,action_1_9,0.10666129690195833,-0.09237024178284975,0.009898995950041407,0.9142857142857143,/data/users/junjie/workspace/hpc3_jhe724/outputs/research_q35/e3p_s2add_main20k_cci_r2_005000/summary.json
e3p_s2add_main20k_cci_r2_005000,210,teacher,action_25_36,0.1008308806811415,-0.09705785487201951,0.012007056566084862,0.9333333333333333,/data/users/junjie/workspace/hpc3_jhe724/outputs/research_q35/e3p_s2add_main20k_cci_r2_005000/summary.json
e3p_s2add_main20k_cci_r2_005000,210,teacher,action_9_25,0.10685041458789436,-0.07926805666204365,0.011690564517572947,0.8809523809523809,/data/users/junjie/workspace/hpc3_jhe724/outputs/research_q35/e3p_s2add_main20k_cci_r2_005000/summary.json
e3p_s2add_main20k_cci_r2_005000,210,teacher,action_all,0.10650951466744854,-0.08836645966484433,0.00982019951054572,0.9476190476190476,/data/users/junjie/workspace/hpc3_jhe724/outputs/research_q35/e3p_s2add_main20k_cci_r2_005000/summary.json
e3p_s2add_main20k_cci_r2_005000,210,teacher,motion_fraction,0.2308943937222163,0.0,0.0,0.0,/data/users/junjie/workspace/hpc3_jhe724/outputs/research_q35/e3p_s2add_main20k_cci_r2_005000/summary.json
e3p_s2add_main20k_cci_r2_005000,210,teacher,semantic_ratio,0.009523571965271134,0.009523571965271134,0.00013597339334925107,0.0,/data/users/junjie/workspace/hpc3_jhe724/outputs/research_q35/e3p_s2add_main20k_cci_r2_005000/summary.json
e3p_s2add_main20k_cci_r2_005000,210,teacher,video,0.10092391203201953,-0.0019933661712067466,0.000404044845431066,0.5714285714285714,/data/users/junjie/workspace/hpc3_jhe724/outputs/research_q35/e3p_s2add_main20k_cci_r2_005000/summary.json
e3p_s2add_main20k_cci_r2_005000,210,teacher,video_main,0.04199228414467403,-4.605384809630258e-05,0.00019088855953333647,0.4238095238095238,/data/users/junjie/workspace/hpc3_jhe724/outputs/research_q35/e3p_s2add_main20k_cci_r2_005000/summary.json
e3p_s2add_main20k_cci_r2_005000,210,teacher,video_motion,0.27988700394829114,-0.0044099709462551845,0.0011905219366511296,0.5571428571428572,/data/users/junjie/workspace/hpc3_jhe724/outputs/research_q35/e3p_s2add_main20k_cci_r2_005000/summary.json
e3p_s2add_main20k_cci_r2_005000,210,teacher,video_motion_main,0.25553561012659753,-0.0014357129377978188,0.0012636919714537087,0.4714285714285714,/data/users/junjie/workspace/hpc3_jhe724/outputs/research_q35/e3p_s2add_main20k_cci_r2_005000/summary.json
e3p_s2add_main20k_cci_r2_005000,210,teacher,video_motion_wrist,0.3042383987633955,-0.0073842287063598635,0.0015121602126924873,0.5904761904761905,/data/users/junjie/workspace/hpc3_jhe724/outputs/research_q35/e3p_s2add_main20k_cci_r2_005000/summary.json
e3p_s2add_main20k_cci_r2_005000,210,teacher,video_wrist,0.15985554039833091,-0.003940678334661892,0.0007047631188451471,0.5952380952380952,/data/users/junjie/workspace/hpc3_jhe724/outputs/research_q35/e3p_s2add_main20k_cci_r2_005000/summary.json
e3p_s2add_main20k_cci_r2_005000,210,semantic_disabled,action_0_1,0.2686111315508329,0.0,0.0,0.0,/data/users/junjie/workspace/hpc3_jhe724/outputs/research_q35/e3p_s2add_main20k_cci_r2_005000/summary.json
e3p_s2add_main20k_cci_r2_005000,210,semantic_disabled,action_1_9,0.19903153868480808,0.0,0.0,0.0,/data/users/junjie/workspace/hpc3_jhe724/outputs/research_q35/e3p_s2add_main20k_cci_r2_005000/summary.json
e3p_s2add_main20k_cci_r2_005000,210,semantic_disabled,action_25_36,0.19788873555316103,0.0,0.0,0.0,/data/users/junjie/workspace/hpc3_jhe724/outputs/research_q35/e3p_s2add_main20k_cci_r2_005000/summary.json
e3p_s2add_main20k_cci_r2_005000,210,semantic_disabled,action_9_25,0.18611847124993802,0.0,0.0,0.0,/data/users/junjie/workspace/hpc3_jhe724/outputs/research_q35/e3p_s2add_main20k_cci_r2_005000/summary.json
e3p_s2add_main20k_cci_r2_005000,210,semantic_disabled,action_all,0.19487597433229287,0.0,0.0,0.0,/data/users/junjie/workspace/hpc3_jhe724/outputs/research_q35/e3p_s2add_main20k_cci_r2_005000/summary.json
e3p_s2add_main20k_cci_r2_005000,210,semantic_disabled,motion_fraction,0.2308943937222163,0.0,0.0,0.0,/data/users/junjie/workspace/hpc3_jhe724/outputs/research_q35/e3p_s2add_main20k_cci_r2_005000/summary.json
e3p_s2add_main20k_cci_r2_005000,210,semantic_disabled,semantic_ratio,0.0,0.0,0.0,0.0,/data/users/junjie/workspace/hpc3_jhe724/outputs/research_q35/e3p_s2add_main20k_cci_r2_005000/summary.json
e3p_s2add_main20k_cci_r2_005000,210,semantic_disabled,video,0.10291727820322627,0.0,0.0,0.0,/data/users/junjie/workspace/hpc3_jhe724/outputs/research_q35/e3p_s2add_main20k_cci_r2_005000/summary.json
e3p_s2add_main20k_cci_r2_005000,210,semantic_disabled,video_main,0.04203833799277033,0.0,0.0,0.0,/data/users/junjie/workspace/hpc3_jhe724/outputs/research_q35/e3p_s2add_main20k_cci_r2_005000/summary.json
e3p_s2add_main20k_cci_r2_005000,210,semantic_disabled,video_motion,0.2842969748945463,0.0,0.0,0.0,/data/users/junjie/workspace/hpc3_jhe724/outputs/research_q35/e3p_s2add_main20k_cci_r2_005000/summary.json
e3p_s2add_main20k_cci_r2_005000,210,semantic_disabled,video_motion_main,0.25697132306439535,0.0,0.0,0.0,/data/users/junjie/workspace/hpc3_jhe724/outputs/research_q35/e3p_s2add_main20k_cci_r2_005000/summary.json
e3p_s2add_main20k_cci_r2_005000,210,semantic_disabled,video_motion_wrist,0.31162262746975533,0.0,0.0,0.0,/data/users/junjie/workspace/hpc3_jhe724/outputs/research_q35/e3p_s2add_main20k_cci_r2_005000/summary.json
e3p_s2add_main20k_cci_r2_005000,210,semantic_disabled,video_wrist,0.1637962187329928,0.0,0.0,0.0,/data/users/junjie/workspace/hpc3_jhe724/outputs/research_q35/e3p_s2add_main20k_cci_r2_005000/summary.json
e3p_s2add_main20k_cci_r2_005000,210,planner,action_0_1,0.28786892930844,0.01925779775760713,0.019074951023500302,0.5666666666666667,/data/users/junjie/workspace/hpc3_jhe724/outputs/research_q35/e3p_s2add_main20k_cci_r2_005000/summary.json
e3p_s2add_main20k_cci_r2_005000,210,planner,action_1_9,0.2149773762517032,0.015945837566895143,0.013700344893957484,0.5428571428571428,/data/users/junjie/workspace/hpc3_jhe724/outputs/research_q35/e3p_s2add_main20k_cci_r2_005000/summary.json
e3p_s2add_main20k_cci_r2_005000,210,planner,action_25_36,0.199987456406511,0.0020987208533499923,0.008807784812897842,0.49523809523809526,/data/users/junjie/workspace/hpc3_jhe724/outputs/research_q35/e3p_s2add_main20k_cci_r2_005000/summary.json
e3p_s2add_main20k_cci_r2_005000,210,planner,action_9_25,0.2036486860275978,0.017530214777659803,0.007948850374584199,0.5142857142857142,/data/users/junjie/workspace/hpc3_jhe724/outputs/research_q35/e3p_s2add_main20k_cci_r2_005000/summary.json
e3p_s2add_main20k_cci_r2_005000,210,planner,action_all,0.20738691390447672,0.012510939572183858,0.008003080456294423,0.48095238095238096,/data/users/junjie/workspace/hpc3_jhe724/outputs/research_q35/e3p_s2add_main20k_cci_r2_005000/summary.json
e3p_s2add_main20k_cci_r2_005000,210,planner,motion_fraction,0.2308943937222163,0.0,0.0,0.0,/data/users/junjie/workspace/hpc3_jhe724/outputs/research_q35/e3p_s2add_main20k_cci_r2_005000/summary.json
e3p_s2add_main20k_cci_r2_005000,210,planner,semantic_ratio,0.00548785696968517,0.00548785696968517,5.4633167587176175e-05,0.0,/data/users/junjie/workspace/hpc3_jhe724/outputs/research_q35/e3p_s2add_main20k_cci_r2_005000/summary.json
e3p_s2add_main20k_cci_r2_005000,210,planner,video,0.10368860766646408,0.0007713294632378079,0.0004149691362632071,0.46190476190476193,/data/users/junjie/workspace/hpc3_jhe724/outputs/research_q35/e3p_s2add_main20k_cci_r2_005000/summary.json
e3p_s2add_main20k_cci_r2_005000,210,planner,video_main,0.042472067816803856,0.0004337298240335215,0.00018504986342483758,0.3476190476190476,/data/users/junjie/workspace/hpc3_jhe724/outputs/research_q35/e3p_s2add_main20k_cci_r2_005000/summary.json
e3p_s2add_main20k_cci_r2_005000,210,planner,video_motion,0.2880094885116532,0.0037125136171068463,0.0012360753844108017,0.4095238095238095,/data/users/junjie/workspace/hpc3_jhe724/outputs/research_q35/e3p_s2add_main20k_cci_r2_005000/summary.json
e3p_s2add_main20k_cci_r2_005000,210,planner,video_motion_main,0.2597093639274438,0.0027380408630484627,0.001322254651495071,0.41904761904761906,/data/users/junjie/workspace/hpc3_jhe724/outputs/research_q35/e3p_s2add_main20k_cci_r2_005000/summary.json
e3p_s2add_main20k_cci_r2_005000,210,planner,video_motion_wrist,0.31630961323777834,0.004686985768022991,0.001740698509273944,0.4380952380952381,/data/users/junjie/workspace/hpc3_jhe724/outputs/research_q35/e3p_s2add_main20k_cci_r2_005000/summary.json
e3p_s2add_main20k_cci_r2_005000,210,planner,video_wrist,0.16490514797291586,0.0011089292399230457,0.0007753834569544081,0.5,/data/users/junjie/workspace/hpc3_jhe724/outputs/research_q35/e3p_s2add_main20k_cci_r2_005000/summary.json
e3p_s2add_main20k_cci_r2_005000,210,planner_wrist_masked,action_0_1,0.318882670634914,0.05027153908408114,0.01233481808211155,0.4095238095238095,/data/users/junjie/workspace/hpc3_jhe724/outputs/research_q35/e3p_s2add_main20k_cci_r2_005000/summary.json
e3p_s2add_main20k_cci_r2_005000,210,planner_wrist_masked,action_1_9,0.23827274120634512,0.03924120252153703,0.009370771290008979,0.4380952380952381,/data/users/junjie/workspace/hpc3_jhe724/outputs/research_q35/e3p_s2add_main20k_cci_r2_005000/summary.json
e3p_s2add_main20k_cci_r2_005000,210,planner_wrist_masked,action_25_36,0.22484165737848907,0.026952921825328043,0.010150940691934054,0.44761904761904764,/data/users/junjie/workspace/hpc3_jhe724/outputs/research_q35/e3p_s2add_main20k_cci_r2_005000/summary.json
e3p_s2add_main20k_cci_r2_005000,210,planner_wrist_masked,action_9_25,0.22476116331028087,0.038642692060342855,0.008474773746090175,0.4095238095238095,/data/users/junjie/workspace/hpc3_jhe724/outputs/research_q35/e3p_s2add_main20k_cci_r2_005000/summary.json
e3p_s2add_main20k_cci_r2_005000,210,planner_wrist_masked,action_all,0.23040281892532394,0.035526844593031064,0.007316770014254374,0.3523809523809524,/data/users/junjie/workspace/hpc3_jhe724/outputs/research_q35/e3p_s2add_main20k_cci_r2_005000/summary.json
e3p_s2add_main20k_cci_r2_005000,210,planner_wrist_masked,motion_fraction,0.2308943937222163,0.0,0.0,0.0,/data/users/junjie/workspace/hpc3_jhe724/outputs/research_q35/e3p_s2add_main20k_cci_r2_005000/summary.json
e3p_s2add_main20k_cci_r2_005000,210,planner_wrist_masked,semantic_ratio,0.003323697264908716,0.003323697264908716,2.845201560332719e-05,0.0,/data/users/junjie/workspace/hpc3_jhe724/outputs/research_q35/e3p_s2add_main20k_cci_r2_005000/summary.json
e3p_s2add_main20k_cci_r2_005000,210,planner_wrist_masked,video,0.1035305903781028,0.000613312174876531,0.000353602145008855,0.3952380952380952,/data/users/junjie/workspace/hpc3_jhe724/outputs/research_q35/e3p_s2add_main20k_cci_r2_005000/summary.json
e3p_s2add_main20k_cci_r2_005000,210,planner_wrist_masked,video_main,0.04220247023871967,0.00016413224594933647,0.0001410267683660766,0.3476190476190476,/data/users/junjie/workspace/hpc3_jhe724/outputs/research_q35/e3p_s2add_main20k_cci_r2_005000/summary.json
e3p_s2add_main20k_cci_r2_005000,210,planner_wrist_masked,video_motion,0.28410422166898136,-0.00019275322556495668,0.0007787363024936523,0.5285714285714286,/data/users/junjie/workspace/hpc3_jhe724/outputs/research_q35/e3p_s2add_main20k_cci_r2_005000/summary.json
e3p_s2add_main20k_cci_r2_005000,210,planner_wrist_masked,video_motion_main,0.256229386868931,-0.0007419361954643613,0.0008258935367287702,0.48095238095238096,/data/users/junjie/workspace/hpc3_jhe724/outputs/research_q35/e3p_s2add_main20k_cci_r2_005000/summary.json
e3p_s2add_main20k_cci_r2_005000,210,planner_wrist_masked,video_motion_wrist,0.31197905629163697,0.00035642882188161213,0.000986724766414411,0.48095238095238096,/data/users/junjie/workspace/hpc3_jhe724/outputs/research_q35/e3p_s2add_main20k_cci_r2_005000/summary.json
e3p_s2add_main20k_cci_r2_005000,210,planner_wrist_masked,video_wrist,0.16485870989660423,0.001062491163611412,0.000642918356897963,0.3904761904761905,/data/users/junjie/workspace/hpc3_jhe724/outputs/research_q35/e3p_s2add_main20k_cci_r2_005000/summary.json
e3p_s2add_main20k_cci_r2_005000,210,planner_main_masked,action_0_1,0.32539195922159014,0.05678082767075726,0.010065864670874725,0.28095238095238095,/data/users/junjie/workspace/hpc3_jhe724/outputs/research_q35/e3p_s2add_main20k_cci_r2_005000/summary.json
e3p_s2add_main20k_cci_r2_005000,210,planner_main_masked,action_1_9,0.24181383477435225,0.04278229608954418,0.008159462750798345,0.24285714285714285,/data/users/junjie/workspace/hpc3_jhe724/outputs/research_q35/e3p_s2add_main20k_cci_r2_005000/summary.json
e3p_s2add_main20k_cci_r2_005000,210,planner_main_masked,action_25_36,0.24451611840299198,0.04662738284983096,0.006454827463970037,0.1619047619047619,/data/users/junjie/workspace/hpc3_jhe724/outputs/research_q35/e3p_s2add_main20k_cci_r2_005000/summary.json
e3p_s2add_main20k_cci_r2_005000,210,planner_main_masked,action_9_25,0.2255423617504892,0.03942389050055118,0.0059761370278657725,0.18571428571428572,/data/users/junjie/workspace/hpc3_jhe724/outputs/research_q35/e3p_s2add_main20k_cci_r2_005000/summary.json
e3p_s2add_main20k_cci_r2_005000,210,planner_main_masked,action_all,0.23772937889610019,0.042853404563807304,0.00480261896021595,0.1619047619047619,/data/users/junjie/workspace/hpc3_jhe724/outputs/research_q35/e3p_s2add_main20k_cci_r2_005000/summary.json
e3p_s2add_main20k_cci_r2_005000,210,planner_main_masked,motion_fraction,0.2308943937222163,0.0,0.0,0.0,/data/users/junjie/workspace/hpc3_jhe724/outputs/research_q35/e3p_s2add_main20k_cci_r2_005000/summary.json
e3p_s2add_main20k_cci_r2_005000,210,planner_main_masked,semantic_ratio,0.0036215948906801777,0.0036215948906801777,1.9674970945008874e-05,0.0,/data/users/junjie/workspace/hpc3_jhe724/outputs/research_q35/e3p_s2add_main20k_cci_r2_005000/summary.json
e3p_s2add_main20k_cci_r2_005000,210,planner_main_masked,video,0.1034569772936049,0.0005396990903786251,0.00035564315360563846,0.4857142857142857,/data/users/junjie/workspace/hpc3_jhe724/outputs/research_q35/e3p_s2add_main20k_cci_r2_005000/summary.json
e3p_s2add_main20k_cci_r2_005000,210,planner_main_masked,video_main,0.04230502111216386,0.00026668311939353036,0.00011444531426526003,0.4666666666666667,/data/users/junjie/workspace/hpc3_jhe724/outputs/research_q35/e3p_s2add_main20k_cci_r2_005000/summary.json
e3p_s2add_main20k_cci_r2_005000,210,planner_main_masked,video_motion,0.2873803904368764,0.0030834155423300606,0.0010262433177445052,0.4,/data/users/junjie/workspace/hpc3_jhe724/outputs/research_q35/e3p_s2add_main20k_cci_r2_005000/summary.json
e3p_s2add_main20k_cci_r2_005000,210,planner_main_masked,video_motion_main,0.25860301919636275,0.001631696131967363,0.0010010506662186448,0.41904761904761906,/data/users/junjie/workspace/hpc3_jhe724/outputs/research_q35/e3p_s2add_main20k_cci_r2_005000/summary.json
e3p_s2add_main20k_cci_r2_005000,210,planner_main_masked,video_motion_wrist,0.3161577621740954,0.004535134704340072,0.001484145659752277,0.4,/data/users/junjie/workspace/hpc3_jhe724/outputs/research_q35/e3p_s2add_main20k_cci_r2_005000/summary.json
e3p_s2add_main20k_cci_r2_005000,210,planner_main_masked,video_wrist,0.1646089326678997,0.0008127139349068914,0.0006723602292862188,0.4714285714285714,/data/users/junjie/workspace/hpc3_jhe724/outputs/research_q35/e3p_s2add_main20k_cci_r2_005000/summary.json
e3p_s2add_mainview20k_r2_020000,210,teacher,action_0_1,0.006700234600741949,-0.011714711640628853,0.0012924610111315496,0.8904761904761904,/data/users/junjie/workspace/hpc3_jhe724/outputs/research_q35/e3p_s2add_mainview20k_r2_020000/summary.json
e3p_s2add_mainview20k_r2_020000,210,teacher,action_1_9,0.005287161570075634,-0.010551351750092138,0.00123046978999511,0.9571428571428572,/data/users/junjie/workspace/hpc3_jhe724/outputs/research_q35/e3p_s2add_mainview20k_r2_020000/summary.json
e3p_s2add_mainview20k_r2_020000,210,teacher,action_25_36,0.006371976764196353,-0.010174439770829243,0.0013220035287507658,0.9714285714285714,/data/users/junjie/workspace/hpc3_jhe724/outputs/research_q35/e3p_s2add_mainview20k_r2_020000/summary.json
e3p_s2add_mainview20k_r2_020000,210,teacher,action_9_25,0.006845006242621734,-0.00922911423854419,0.0011310022782047124,0.9857142857142858,/data/users/junjie/workspace/hpc3_jhe724/outputs/research_q35/e3p_s2add_mainview20k_r2_020000/summary.json
e3p_s2add_mainview20k_r2_020000,210,teacher,action_all,0.006350260278503854,-0.009880838649752106,0.0009333700719411757,0.9857142857142858,/data/users/junjie/workspace/hpc3_jhe724/outputs/research_q35/e3p_s2add_mainview20k_r2_020000/summary.json
e3p_s2add_mainview20k_r2_020000,210,teacher,motion_fraction,0.2308943937222163,0.0,0.0,0.0,/data/users/junjie/workspace/hpc3_jhe724/outputs/research_q35/e3p_s2add_mainview20k_r2_020000/summary.json
e3p_s2add_mainview20k_r2_020000,210,teacher,semantic_ratio,0.031778408455910206,0.031778408455910206,9.976352106541053e-05,0.0,/data/users/junjie/workspace/hpc3_jhe724/outputs/research_q35/e3p_s2add_mainview20k_r2_020000/summary.json
e3p_s2add_mainview20k_r2_020000,210,teacher,video,0.10039657634638605,-0.0003560540576775869,0.0002024767245952646,0.5,/data/users/junjie/workspace/hpc3_jhe724/outputs/research_q35/e3p_s2add_mainview20k_r2_020000/summary.json
e3p_s2add_mainview20k_r2_020000,210,teacher,video_main,0.04155381282214962,-0.00021424242738811742,0.00014849105861952037,0.5428571428571428,/data/users/junjie/workspace/hpc3_jhe724/outputs/research_q35/e3p_s2add_mainview20k_r2_020000/summary.json
e3p_s2add_mainview20k_r2_020000,210,teacher,video_motion,0.2758600155867281,-0.0021025835758163814,0.0006847714831179895,0.5380952380952381,/data/users/junjie/workspace/hpc3_jhe724/outputs/research_q35/e3p_s2add_mainview20k_r2_020000/summary.json
e3p_s2add_mainview20k_r2_020000,210,teacher,video_motion_main,0.2517654396770965,-0.0020410404496249697,0.0009360105931970196,0.5333333333333333,/data/users/junjie/workspace/hpc3_jhe724/outputs/research_q35/e3p_s2add_mainview20k_r2_020000/summary.json
e3p_s2add_mainview20k_r2_020000,210,teacher,video_motion_wrist,0.29995459115930967,-0.00216412657783145,0.0006839496080029321,0.5428571428571428,/data/users/junjie/workspace/hpc3_jhe724/outputs/research_q35/e3p_s2add_mainview20k_r2_020000/summary.json
e3p_s2add_mainview20k_r2_020000,210,teacher,video_wrist,0.15923934010345311,-0.0004978659518417858,0.00032173602309517116,0.5095238095238095,/data/users/junjie/workspace/hpc3_jhe724/outputs/research_q35/e3p_s2add_mainview20k_r2_020000/summary.json
e3p_s2add_mainview20k_r2_020000,210,semantic_disabled,action_0_1,0.0184149462413708,0.0,0.0,0.0,/data/users/junjie/workspace/hpc3_jhe724/outputs/research_q35/e3p_s2add_mainview20k_r2_020000/summary.json
e3p_s2add_mainview20k_r2_020000,210,semantic_disabled,action_1_9,0.01583851332016777,0.0,0.0,0.0,/data/users/junjie/workspace/hpc3_jhe724/outputs/research_q35/e3p_s2add_mainview20k_r2_020000/summary.json
e3p_s2add_mainview20k_r2_020000,210,semantic_disabled,action_25_36,0.016546416535025595,0.0,0.0,0.0,/data/users/junjie/workspace/hpc3_jhe724/outputs/research_q35/e3p_s2add_mainview20k_r2_020000/summary.json
e3p_s2add_mainview20k_r2_020000,210,semantic_disabled,action_9_25,0.016074120481165924,0.0,0.0,0.0,/data/users/junjie/workspace/hpc3_jhe724/outputs/research_q35/e3p_s2add_mainview20k_r2_020000/summary.json
e3p_s2add_mainview20k_r2_020000,210,semantic_disabled,action_all,0.01623109892825596,0.0,0.0,0.0,/data/users/junjie/workspace/hpc3_jhe724/outputs/research_q35/e3p_s2add_mainview20k_r2_020000/summary.json
e3p_s2add_mainview20k_r2_020000,210,semantic_disabled,motion_fraction,0.2308943937222163,0.0,0.0,0.0,/data/users/junjie/workspace/hpc3_jhe724/outputs/research_q35/e3p_s2add_mainview20k_r2_020000/summary.json
e3p_s2add_mainview20k_r2_020000,210,semantic_disabled,semantic_ratio,0.0,0.0,0.0,0.0,/data/users/junjie/workspace/hpc3_jhe724/outputs/research_q35/e3p_s2add_mainview20k_r2_020000/summary.json
e3p_s2add_mainview20k_r2_020000,210,semantic_disabled,video,0.10075263040406364,0.0,0.0,0.0,/data/users/junjie/workspace/hpc3_jhe724/outputs/research_q35/e3p_s2add_mainview20k_r2_020000/summary.json
e3p_s2add_mainview20k_r2_020000,210,semantic_disabled,video_main,0.04176805524953774,0.0,0.0,0.0,/data/users/junjie/workspace/hpc3_jhe724/outputs/research_q35/e3p_s2add_mainview20k_r2_020000/summary.json
e3p_s2add_mainview20k_r2_020000,210,semantic_disabled,video_motion,0.2779625991625445,0.0,0.0,0.0,/data/users/junjie/workspace/hpc3_jhe724/outputs/research_q35/e3p_s2add_mainview20k_r2_020000/summary.json
e3p_s2add_mainview20k_r2_020000,210,semantic_disabled,video_motion_main,0.2538064801267215,0.0,0.0,0.0,/data/users/junjie/workspace/hpc3_jhe724/outputs/research_q35/e3p_s2add_mainview20k_r2_020000/summary.json
e3p_s2add_mainview20k_r2_020000,210,semantic_disabled,video_motion_wrist,0.3021187177371411,0.0,0.0,0.0,/data/users/junjie/workspace/hpc3_jhe724/outputs/research_q35/e3p_s2add_mainview20k_r2_020000/summary.json
e3p_s2add_mainview20k_r2_020000,210,semantic_disabled,video_wrist,0.1597372060552949,0.0,0.0,0.0,/data/users/junjie/workspace/hpc3_jhe724/outputs/research_q35/e3p_s2add_mainview20k_r2_020000/summary.json
e3p_s2add_mainview20k_r2_020000,210,planner,action_0_1,0.085845792156622,0.06743084591525118,0.009934867723850846,0.12857142857142856,/data/users/junjie/workspace/hpc3_jhe724/outputs/research_q35/e3p_s2add_mainview20k_r2_020000/summary.json
e3p_s2add_mainview20k_r2_020000,210,planner,action_1_9,0.08293126975075298,0.06709275643058521,0.007898133677301859,0.06190476190476191,/data/users/junjie/workspace/hpc3_jhe724/outputs/research_q35/e3p_s2add_mainview20k_r2_020000/summary.json
e3p_s2add_mainview20k_r2_020000,210,planner,action_25_36,0.13441428526476512,0.11786786872973953,0.01999639742501919,0.06190476190476191,/data/users/junjie/workspace/hpc3_jhe724/outputs/research_q35/e3p_s2add_mainview20k_r2_020000/summary.json
e3p_s2add_mainview20k_r2_020000,210,planner,action_9_25,0.1158787795636315,0.09980465908246558,0.016520361521337075,0.0380952380952381,/data/users/junjie/workspace/hpc3_jhe724/outputs/research_q35/e3p_s2add_mainview20k_r2_020000/summary.json
e3p_s2add_mainview20k_r2_020000,210,planner,action_all,0.11338648965604425,0.0971553907277883,0.013774417785795284,0.023809523809523808,/data/users/junjie/workspace/hpc3_jhe724/outputs/research_q35/e3p_s2add_mainview20k_r2_020000/summary.json
e3p_s2add_mainview20k_r2_020000,210,planner,motion_fraction,0.2308943937222163,0.0,0.0,0.0,/data/users/junjie/workspace/hpc3_jhe724/outputs/research_q35/e3p_s2add_mainview20k_r2_020000/summary.json
e3p_s2add_mainview20k_r2_020000,210,planner,semantic_ratio,0.029807783117737394,0.029807783117737394,8.255547756059185e-05,0.0,/data/users/junjie/workspace/hpc3_jhe724/outputs/research_q35/e3p_s2add_mainview20k_r2_020000/summary.json
e3p_s2add_mainview20k_r2_020000,210,planner,video,0.1019933558290913,0.0012407254250276657,0.00034828981483426484,0.41904761904761906,/data/users/junjie/workspace/hpc3_jhe724/outputs/research_q35/e3p_s2add_mainview20k_r2_020000/summary.json
e3p_s2add_mainview20k_r2_020000,210,planner,video_main,0.04210958769988446,0.00034153245034671963,0.000221813129419583,0.5142857142857142,/data/users/junjie/workspace/hpc3_jhe724/outputs/research_q35/e3p_s2add_mainview20k_r2_020000/summary.json
e3p_s2add_mainview20k_r2_020000,210,planner,video_motion,0.28290031293318385,0.004937713770639329,0.001333039019748402,0.4095238095238095,/data/users/junjie/workspace/hpc3_jhe724/outputs/research_q35/e3p_s2add_mainview20k_r2_020000/summary.json
e3p_s2add_mainview20k_r2_020000,210,planner,video_motion_main,0.25968377192815145,0.00587729180142993,0.001517028715309727,0.42857142857142855,/data/users/junjie/workspace/hpc3_jhe724/outputs/research_q35/e3p_s2add_mainview20k_r2_020000/summary.json
e3p_s2add_mainview20k_r2_020000,210,planner,video_motion_wrist,0.3061168546832743,0.003998136946133205,0.0015151283799727038,0.40476190476190477,/data/users/junjie/workspace/hpc3_jhe724/outputs/research_q35/e3p_s2add_mainview20k_r2_020000/summary.json
e3p_s2add_mainview20k_r2_020000,210,planner,video_wrist,0.16187712390507972,0.0021399178497848058,0.0005920185406271275,0.38571428571428573,/data/users/junjie/workspace/hpc3_jhe724/outputs/research_q35/e3p_s2add_mainview20k_r2_020000/summary.json
e3p_s2add_mainview20k_r2_020000,210,planner_wrist_masked,action_0_1,0.085845792156622,0.06743084591525118,0.009934867723850846,0.12857142857142856,/data/users/junjie/workspace/hpc3_jhe724/outputs/research_q35/e3p_s2add_mainview20k_r2_020000/summary.json
e3p_s2add_mainview20k_r2_020000,210,planner_wrist_masked,action_1_9,0.08293126975075298,0.06709275643058521,0.007898133677301859,0.06190476190476191,/data/users/junjie/workspace/hpc3_jhe724/outputs/research_q35/e3p_s2add_mainview20k_r2_020000/summary.json
e3p_s2add_mainview20k_r2_020000,210,planner_wrist_masked,action_25_36,0.13441428526476512,0.11786786872973953,0.01999639742501919,0.06190476190476191,/data/users/junjie/workspace/hpc3_jhe724/outputs/research_q35/e3p_s2add_mainview20k_r2_020000/summary.json
e3p_s2add_mainview20k_r2_020000,210,planner_wrist_masked,action_9_25,0.1158787795636315,0.09980465908246558,0.016520361521337075,0.0380952380952381,/data/users/junjie/workspace/hpc3_jhe724/outputs/research_q35/e3p_s2add_mainview20k_r2_020000/summary.json
e3p_s2add_mainview20k_r2_020000,210,planner_wrist_masked,action_all,0.11338648965604425,0.0971553907277883,0.013774417785795284,0.023809523809523808,/data/users/junjie/workspace/hpc3_jhe724/outputs/research_q35/e3p_s2add_mainview20k_r2_020000/summary.json
e3p_s2add_mainview20k_r2_020000,210,planner_wrist_masked,motion_fraction,0.2308943937222163,0.0,0.0,0.0,/data/users/junjie/workspace/hpc3_jhe724/outputs/research_q35/e3p_s2add_mainview20k_r2_020000/summary.json
e3p_s2add_mainview20k_r2_020000,210,planner_wrist_masked,semantic_ratio,0.029807783117737394,0.029807783117737394,8.255547756059185e-05,0.0,/data/users/junjie/workspace/hpc3_jhe724/outputs/research_q35/e3p_s2add_mainview20k_r2_020000/summary.json
e3p_s2add_mainview20k_r2_020000,210,planner_wrist_masked,video,0.1019933558290913,0.0012407254250276657,0.00034828981483426484,0.41904761904761906,/data/users/junjie/workspace/hpc3_jhe724/outputs/research_q35/e3p_s2add_mainview20k_r2_020000/summary.json
e3p_s2add_mainview20k_r2_020000,210,planner_wrist_masked,video_main,0.04210958769988446,0.00034153245034671963,0.000221813129419583,0.5142857142857142,/data/users/junjie/workspace/hpc3_jhe724/outputs/research_q35/e3p_s2add_mainview20k_r2_020000/summary.json
e3p_s2add_mainview20k_r2_020000,210,planner_wrist_masked,video_motion,0.28290031293318385,0.004937713770639329,0.001333039019748402,0.4095238095238095,/data/users/junjie/workspace/hpc3_jhe724/outputs/research_q35/e3p_s2add_mainview20k_r2_020000/summary.json
e3p_s2add_mainview20k_r2_020000,210,planner_wrist_masked,video_motion_main,0.25968377192815145,0.00587729180142993,0.001517028715309727,0.42857142857142855,/data/users/junjie/workspace/hpc3_jhe724/outputs/research_q35/e3p_s2add_mainview20k_r2_020000/summary.json
e3p_s2add_mainview20k_r2_020000,210,planner_wrist_masked,video_motion_wrist,0.3061168546832743,0.003998136946133205,0.0015151283799727038,0.40476190476190477,/data/users/junjie/workspace/hpc3_jhe724/outputs/research_q35/e3p_s2add_mainview20k_r2_020000/summary.json
e3p_s2add_mainview20k_r2_020000,210,planner_wrist_masked,video_wrist,0.16187712390507972,0.0021399178497848058,0.0005920185406271275,0.38571428571428573,/data/users/junjie/workspace/hpc3_jhe724/outputs/research_q35/e3p_s2add_mainview20k_r2_020000/summary.json
e3p_s2add_mainview20k_r2_020000,210,planner_main_masked,action_0_1,0.0184149462413708,0.0,0.0,0.0,/data/users/junjie/workspace/hpc3_jhe724/outputs/research_q35/e3p_s2add_mainview20k_r2_020000/summary.json
e3p_s2add_mainview20k_r2_020000,210,planner_main_masked,action_1_9,0.01583851332016777,0.0,0.0,0.0,/data/users/junjie/workspace/hpc3_jhe724/outputs/research_q35/e3p_s2add_mainview20k_r2_020000/summary.json
e3p_s2add_mainview20k_r2_020000,210,planner_main_masked,action_25_36,0.016546416535025595,0.0,0.0,0.0,/data/users/junjie/workspace/hpc3_jhe724/outputs/research_q35/e3p_s2add_mainview20k_r2_020000/summary.json
e3p_s2add_mainview20k_r2_020000,210,planner_main_masked,action_9_25,0.016074120481165924,0.0,0.0,0.0,/data/users/junjie/workspace/hpc3_jhe724/outputs/research_q35/e3p_s2add_mainview20k_r2_020000/summary.json
e3p_s2add_mainview20k_r2_020000,210,planner_main_masked,action_all,0.01623109892825596,0.0,0.0,0.0,/data/users/junjie/workspace/hpc3_jhe724/outputs/research_q35/e3p_s2add_mainview20k_r2_020000/summary.json
e3p_s2add_mainview20k_r2_020000,210,planner_main_masked,motion_fraction,0.2308943937222163,0.0,0.0,0.0,/data/users/junjie/workspace/hpc3_jhe724/outputs/research_q35/e3p_s2add_mainview20k_r2_020000/summary.json
e3p_s2add_mainview20k_r2_020000,210,planner_main_masked,semantic_ratio,0.0,0.0,0.0,0.0,/data/users/junjie/workspace/hpc3_jhe724/outputs/research_q35/e3p_s2add_mainview20k_r2_020000/summary.json
e3p_s2add_mainview20k_r2_020000,210,planner_main_masked,video,0.10075263040406364,0.0,0.0,0.0,/data/users/junjie/workspace/hpc3_jhe724/outputs/research_q35/e3p_s2add_mainview20k_r2_020000/summary.json
e3p_s2add_mainview20k_r2_020000,210,planner_main_masked,video_main,0.04176805524953774,0.0,0.0,0.0,/data/users/junjie/workspace/hpc3_jhe724/outputs/research_q35/e3p_s2add_mainview20k_r2_020000/summary.json
e3p_s2add_mainview20k_r2_020000,210,planner_main_masked,video_motion,0.2779625991625445,0.0,0.0,0.0,/data/users/junjie/workspace/hpc3_jhe724/outputs/research_q35/e3p_s2add_mainview20k_r2_020000/summary.json
e3p_s2add_mainview20k_r2_020000,210,planner_main_masked,video_motion_main,0.2538064801267215,0.0,0.0,0.0,/data/users/junjie/workspace/hpc3_jhe724/outputs/research_q35/e3p_s2add_mainview20k_r2_020000/summary.json
e3p_s2add_mainview20k_r2_020000,210,planner_main_masked,video_motion_wrist,0.3021187177371411,0.0,0.0,0.0,/data/users/junjie/workspace/hpc3_jhe724/outputs/research_q35/e3p_s2add_mainview20k_r2_020000/summary.json
e3p_s2add_mainview20k_r2_020000,210,planner_main_masked,video_wrist,0.1597372060552949,0.0,0.0,0.0,/data/users/junjie/workspace/hpc3_jhe724/outputs/research_q35/e3p_s2add_mainview20k_r2_020000/summary.json
